organisasjonsnummer,navn,enhetstype,organisasjonsform_kode,organisasjonsform_beskrivelse,naeringskode1,naeringsbeskrivelse1,naeringskode2,naeringsbeskrivelse2,naeringskode3,naeringsbeskrivelse3,forretningsadresse,forretnings_poststed,funnet_i_brreg,regnskapsaar,omsetning,arsresultat
935798973,ARCTIC FLUX AS,enheter,AS,Aksjeselskap,62.200,Konsulentvirksomhet tilknyttet informasjonsteknologi og forvaltning og drift av it-systemer,,,,,Langmyra 2,SKOPPUM,ja,,,
931764225,ASP DATA CENTER AS,enheter,AS,Aksjeselskap,68.200,Utleie av egen eller leid fast eiendom,,,,,c/o Asp Eiendom AS, Knud Holms gate 8,STAVANGER,ja,2024,0,-948942
976239997,ATEA AS,enheter,AS,Aksjeselskap,46.500,Engroshandel med informasjons- og kommunikasjonsteknologiutstyr,62.200,Konsulentvirksomhet tilknyttet informasjonsteknologi og forvaltning og drift av it-systemer,,,Karvesvingen 5,OSLO,ja,2024,8693152000,386481000
928077993,AVUR AS,enheter,AS,Aksjeselskap,61.100,Kabelbasert, satellittbasert og trådløs telekommunikasjon,,,,,Casperkollen, Øvre Kråkenes 17,BØNES,ja,2024,8718286,873029
986643583,BITPRO AS,enheter,AS,Aksjeselskap,61.100,Kabelbasert, satellittbasert og trådløs telekommunikasjon,46.500,Engroshandel med informasjons- og kommunikasjonsteknologiutstyr,62.200,Konsulentvirksomhet tilknyttet informasjonsteknologi og forvaltning og drift av it-systemer,Østre Strandgate 80,KRISTIANSAND S,ja,2024,260763752,-54226501
993128708,BLIX SOLUTIONS AS,enheter,AS,Aksjeselskap,62.200,Konsulentvirksomhet tilknyttet informasjonsteknologi og forvaltning og drift av it-systemer,,,,,Lindeberg næringsvei 26,OSLO,ja,2024,48869510,3788518
922053162,BLUEBITE GMBH,enheter,NUF,Norskregistrert utenlandsk foretak,63.100,Datainfrastruktur, -behandling, -lagring og tilknyttede tjenester,,,,,Sjøgata 86,FAUSKE,ja,,,
993743801,BLUEFJORDS AS,enheter,AS,Aksjeselskap,63.100,Datainfrastruktur, -behandling, -lagring og tilknyttede tjenester,,,,,Øyagata 10A,GAUPNE,ja,2023,32664597,-3108551
916871376,BULK DATA CENTERS N01 AS,enheter,AS,Aksjeselskap,63.100,Datainfrastruktur, -behandling, -lagring og tilknyttede tjenester,,,,,Karenslyst allé 53,OSLO,ja,2024,88056124,-52143446
932255561,BULK DATA CENTERS N01 DCM101 AS,enheter,AS,Aksjeselskap,63.100,Datainfrastruktur, -behandling, -lagring og tilknyttede tjenester,,,,,Karenslyst allé 53,OSLO,ja,2024,134505349,-8619135
933932680,BULK DATA CENTERS N01 DCM102 AS,enheter,AS,Aksjeselskap,63.100,Datainfrastruktur, -behandling, -lagring og tilknyttede tjenester,,,,,Karenslyst allé 53,OSLO,ja,2024,0,-1003939
923118535,BULK DATA CENTERS OS-IX AS,enheter,AS,Aksjeselskap,63.100,Datainfrastruktur, -behandling, -lagring og tilknyttede tjenester,,,,,Karenslyst allé 53,OSLO,ja,2024,126698323,-41470093
933453898,CURRENCY EDGE AS,enheter,AS,Aksjeselskap,62.100,Dataprogrammeringstjenester,,,,,Moen 8,BURFJORD,ja,2024,104167,71400
979441320,DATACITY AS,enheter,AS,Aksjeselskap,63.100,Datainfrastruktur, -behandling, -lagring og tilknyttede tjenester,,,,,Hvervenmoveien 49,HØNEFOSS,ja,2024,468879,69632
989766872,DATAFJELLET AS,enheter,AS,Aksjeselskap,62.200,Konsulentvirksomhet tilknyttet informasjonsteknologi og forvaltning og drift av it-systemer,,,,,Gullstølsstien 258,BØNES,ja,2024,3539434,554173
935477670,DHUS AS,enheter,AS,Aksjeselskap,63.100,Datainfrastruktur, -behandling, -lagring og tilknyttede tjenester,,,,,Håvåsveien 121,SOKNEDAL,ja,,,
921064802,ECIT SOLUTIONS AS,enheter,AS,Aksjeselskap,62.200,Konsulentvirksomhet tilknyttet informasjonsteknologi og forvaltning og drift av it-systemer,46.500,Engroshandel med informasjons- og kommunikasjonsteknologiutstyr,62.100,Dataprogrammeringstjenester,Inngang C, 3 etg., Bjørnstjerne Bjørnsons gate 110,DRAMMEN,ja,2024,461101848,10024243
880258222,EIDSIVA DIGITAL AS,enheter,AS,Aksjeselskap,61.100,Kabelbasert, satellittbasert og trådløs telekommunikasjon,,,,,Vormstuguvegen 40,LILLEHAMMER,ja,2024,1090000000,-21000000
968504436,EMP SECURE AS,enheter,AS,Aksjeselskap,63.100,Datainfrastruktur, -behandling, -lagring og tilknyttede tjenester,46.500,Engroshandel med informasjons- og kommunikasjonsteknologiutstyr,,,Stokkastrandvegen 85,NEDRE VATS,ja,2024,289222041,4246820
982770297,EVINY FIBER AS,enheter,AS,Aksjeselskap,61.100,Kabelbasert, satellittbasert og trådløs telekommunikasjon,,,,,Solheimsgaten 5,BERGEN,ja,2024,316304255,37019475
921677421,EXANORTH AS,enheter,AS,Aksjeselskap,63.100,Datainfrastruktur, -behandling, -lagring og tilknyttede tjenester,,,,,Tunnsjødalsveien 178,TRONES,ja,2024,301235381,-65295966
933452549,GIGAHOST AS,enheter,AS,Aksjeselskap,63.100,Datainfrastruktur, -behandling, -lagring og tilknyttede tjenester,,,,,Søndre Kullerød 2,SANDEFJORD,ja,2024,11174666,1799374
890164072,GLOBALCONNECT AS,enheter,AS,Aksjeselskap,61.100,Kabelbasert, satellittbasert og trådløs telekommunikasjon,,,,,Snarøyveien 36,FORNEBU,ja,2024,2119774666,-326977282
994989391,GREEN MOUNTAIN AS,enheter,AS,Aksjeselskap,63.100,Datainfrastruktur, -behandling, -lagring og tilknyttede tjenester,,,,,Hodneveien 260,RENNESØY,ja,2024,824580000,333678000
829283352,GREEN MOUNTAIN INNLANDET AS,enheter,AS,Aksjeselskap,63.100,Datainfrastruktur, -behandling, -lagring og tilknyttede tjenester,,,,,Hodneveien 260,RENNESØY,ja,2024,300298000,845350000
926643851,HOVEDKVARTERET IT AS,enheter,AS,Aksjeselskap,62.200,Konsulentvirksomhet tilknyttet informasjonsteknologi og forvaltning og drift av it-systemer,,,,,Maridalsveien 91,OSLO,ja,2024,28679495,234506
927410362,INTRAHOUSE DATA CENTERS AS,enheter,AS,Aksjeselskap,63.100,Datainfrastruktur, -behandling, -lagring og tilknyttede tjenester,,,,,Ørnesveien 3,GLOMFJORD,ja,2023,545901,-4148968
923456317,ITEAM AS,enheter,AS,Aksjeselskap,62.200,Konsulentvirksomhet tilknyttet informasjonsteknologi og forvaltning og drift av it-systemer,46.500,Engroshandel med informasjons- og kommunikasjonsteknologiutstyr,61.100,Kabelbasert, satellittbasert og trådløs telekommunikasjon,Kongens gate 49,NARVIK,ja,2024,106546000,17546000
828105442,ITSJEFEN AS,enheter,AS,Aksjeselskap,62.200,Konsulentvirksomhet tilknyttet informasjonsteknologi og forvaltning og drift av it-systemer,,,,,Havnegata 9,TRONDHEIM,ja,2024,56638220,7479839
928431096,POLARDC DRA AS,enheter,AS,Aksjeselskap,63.100,Datainfrastruktur, -behandling, -lagring og tilknyttede tjenester,,,,,c/o Econpartner AS, Grundingen 6,OSLO,ja,2024,0,-126006981
911599252,LEFDAL MINE DATACENTER AS,enheter,AS,Aksjeselskap,63.100,Datainfrastruktur, -behandling, -lagring og tilknyttede tjenester,,,,,Gate 1 101,MÅLØY,ja,2024,172179968,-21832601
928700968,NEAS IT AS,enheter,AS,Aksjeselskap,62.200,Konsulentvirksomhet tilknyttet informasjonsteknologi og forvaltning og drift av it-systemer,,,,,Fosnagata 12,KRISTIANSUND N,ja,2024,38400356,1997290
828605062,NSCALE DRIFT AS,enheter,AS,Aksjeselskap,62.200,Konsulentvirksomhet tilknyttet informasjonsteknologi og forvaltning og drift av it-systemer,,,,,Sam Eydes vei 47,GLOMFJORD,ja,2024,27005248,373949
988534005,NTC SERVICES AS,enheter,AS,Aksjeselskap,,,,,,,,,ja,2024,108470390,8775047
926516019,NTE TELEKOM AS,enheter,AS,Aksjeselskap,61.100,Kabelbasert, satellittbasert og trådløs telekommunikasjon,,,,,Sjøfartsgata 3,STEINKJER,ja,2024,807921000,6938000
925218790,ODIN GREEN DC AS,enheter,AS,Aksjeselskap,63.100,Datainfrastruktur, -behandling, -lagring og tilknyttede tjenester,,,,,c/o TMF Norway AS, Hagaløkkveien 26,ASKER,ja,2024,18112732,-29478743
982211743,ORANGE BUSINESS DIGITAL NORWAY AS,enheter,AS,Aksjeselskap,62.200,Konsulentvirksomhet tilknyttet informasjonsteknologi og forvaltning og drift av it-systemer,,,,,Lørenfaret 1E,OSLO,ja,2024,1041567712,-146013733
933054365,REN RØROS DIGITAL AS,enheter,AS,Aksjeselskap,63.100,Datainfrastruktur, -behandling, -lagring og tilknyttede tjenester,62.100,Dataprogrammeringstjenester,,,Osloveien 16B,RØROS,ja,2024,20683629,-1701377
981663322,SI OSL 01 AS,enheter,AS,Aksjeselskap,63.100,Datainfrastruktur, -behandling, -lagring og tilknyttede tjenester,,,,,Selma Ellefsens vei 1,OSLO,ja,2024,254031000,65317000
994817477,SI OSL 02 AS,enheter,AS,Aksjeselskap,63.100,Datainfrastruktur, -behandling, -lagring og tilknyttede tjenester,,,,,Rosenholmveien 25,TROLLÅSEN,ja,2024,39237000,-13732000
912189287,SI OSL 03.1 AS,enheter,AS,Aksjeselskap,63.100,Datainfrastruktur, -behandling, -lagring og tilknyttede tjenester,,,,,Heiaveien 9,FETSUND,ja,2024,173731000,12553000
920030564,SI OSL 03.2 AS,enheter,AS,Aksjeselskap,63.100,Datainfrastruktur, -behandling, -lagring og tilknyttede tjenester,,,,,Heiaveien 9,FETSUND,ja,2024,164695000,-67940000
922735573,SI OSL 04 AS,enheter,AS,Aksjeselskap,63.100,Datainfrastruktur, -behandling, -lagring og tilknyttede tjenester,,,,,Holtskogen 31,TOMTER,ja,2024,168727000,-110197000
930086339,SKYGARD AS,enheter,AS,Aksjeselskap,62.200,Konsulentvirksomhet tilknyttet informasjonsteknologi og forvaltning og drift av it-systemer,,,,,Karenslyst allé 10,OSLO,ja,2024,16590490,-33285878
916871821,STORESPEED AS,enheter,AS,Aksjeselskap,63.100,Datainfrastruktur, -behandling, -lagring og tilknyttede tjenester,,,,,Øraveien 2,GAMLE FREDRIKSTAD,ja,2024,4129669,-2908573
977461863,TAFJORD CONNECT AS,enheter,AS,Aksjeselskap,61.100,Kabelbasert, satellittbasert og trådløs telekommunikasjon,,,,,Retirovegen 4,ÅLESUND,ja,2024,273161372,49304938
981929055,TELIA NORGE AS,enheter,AS,Aksjeselskap,61.100,Kabelbasert, satellittbasert og trådløs telekommunikasjon,47.400,Detaljhandel med informasjons- og kommunikasjonsteknologiutstyr,61.900,Telekommunikasjon ellers,Lørenfaret 1A,OSLO,ja,2024,14583000000,-1137000000
926970208,TERAKRAFT AS,enheter,AS,Aksjeselskap,63.100,Datainfrastruktur, -behandling, -lagring og tilknyttede tjenester,,,,,Hellandsbygd, Handelandsvegen 140,SAUDA,ja,2024,20802660,-7815365
933436012,THERMALTECH AS,enheter,AS,Aksjeselskap,35.300,Vannbåren og luftbåren varme- og kjøleforsyning,,,,,Innlandsvegen 344,TROMSDALEN,ja,2024,1454412,-516605
999648274,TROLLFJORD IKT SENTER AS,enheter,AS,Aksjeselskap,62.200,Konsulentvirksomhet tilknyttet informasjonsteknologi og forvaltning og drift av it-systemer,,,,,Nordnesveien 3,STOKMARKNES,ja,2024,8998513,1457665
911678608,TROLL HOUSING AS,enheter,AS,Aksjeselskap,63.100,Datainfrastruktur, -behandling, -lagring og tilknyttede tjenester,,,,,Klempertåsvegen 104,ELNESVÅGEN,ja,2024,298505977,41854991
983450342,TUSSA IKT AS,enheter,AS,Aksjeselskap,61.100,Kabelbasert, satellittbasert og trådløs telekommunikasjon,62.200,Konsulentvirksomhet tilknyttet informasjonsteknologi og forvaltning og drift av it-systemer,,,Langemyra 6,HOVDEBYGDA,ja,2024,318286684,19842238
927050188,TYDAL DATA CENTER AS,enheter,AS,Aksjeselskap,63.100,Datainfrastruktur, -behandling, -lagring og tilknyttede tjenester,,,,,Stugudalsvegen 196,TYDAL,ja,2024,310366482,4684491
863847672,UNIC NETTVERK AS,enheter,AS,Aksjeselskap,62.200,Konsulentvirksomhet tilknyttet informasjonsteknologi og forvaltning og drift av it-systemer,,,,,Leirvollen 21,SKIEN,ja,2024,18196981,894708