saksnr,stasjon,omradeplan,prisomrade,statnetts_kunde,sluttkunde,naringstype,reservert_mw,reservert_dato,onsket_tilknytning,kundens_referanse,kunde_og_tilknytningsansvarlig
22/00524,Nedre Røssåga,Helgeland og Salten,NO4,Fuella AS,Fuella AS,Hydrogen/ammoniakk,560.0,2024-02-09,2029-09-29,,Ingvild Grøtterud Birkeland
21/00279,Hyggevatn,Nord,NO4,Equinor Asa,Equinor ASA,Petroleum,350.0,2019-04-03,2029-06-29,,Lars Erik Johansen
21/00289,Kristiansand,Sør Rogaland og Agder,NO2,N01 Utilities AS,N01 Utilities AS,Datasenter,300.0,2023-01-22,2027-12-30,,Geir Kåsa
24/01713,Kristiansand,Sør Rogaland og Agder,NO2,N01 Utilities AS,N01 Utilities AS,Datasenter,300.0,2025-05-22,2029-12-30,,Geir Kåsa
24/01882,Ertsmyra,Sør Rogaland og Agder,NO2,Glitre Nett AS,Tonstad Datapark AS,Datasenter,300.0,2025-09-29,2028-03-30,,Geir Kåsa
24/01755,Marka,Helgeland og Salten,NO4,Linea AS,Gen2 energy,Hydrogen/ammoniakk,195.0,2025-12-21,2028-06-29,,Ingvild Grøtterud Birkeland
22/00667,Ålfoten,Sogn og Sunnmøre,NO3,Linja AS,Fortescue,Hydrogen/ammoniakk,300.0,2023-10-11,2029-06-28,,Hans Olav Ween
23/01257,Fagrafjell,Sør Rogaland og Agder,NO2,Lnett AS,Green Mountain,Datasenter,290.0,2024-09-12,2031-12-31,,Ingvild Grøtterud Birkeland
22/00602,Rød,Telemark og Vestfold,NO2,WS Computing AS,WSC,Datasenter,240.0,2023-11-05,2027-03-30,,Geir Kåsa
21/00233,Kvandal,Nord,NO4,Nordkraft Industrinett,Aaktik Digital AS,Datasenter,230.0,2021-04-28,2026-11-30,,Lars Erik Johansen
24/01807,Ringerike,Hallingdal og Ringerike,NO1,Glitre Nett AS,Odin Green DC AS,Datasenter,150.0,2025-10-09,2032-12-30,,Heidi Hellesvik Ringstad
24/01805,Ringerike,Hallingdal og Ringerike,NO1,Glitre Nett AS,AtNorth AS,Datasenter,146.0,2025-10-09,2032-12-30,,Heidi Hellesvik Ringstad
23/01250,Brokke,Sør Rogaland og Agder,NO2,Lede AS,EdgeConneX MCN Norway AS,Datasenter,140.0,2024-10-29,2027-12-30,,Geir Kåsa
21/00100,Samnanger,Bergen og Haugalandet,NO5,Aker BP ASA,Aker BP,Petroleum,140.0,2022-09-08,2026-12-31,,Magnus Tennøe
23/01413,Lindås,Bergen og Haugalandet,NO5,BKK AS,SkiGA AS Org. Nr. 929 597311,Hydrogen/ammoniakk,130.0,2024-03-19,2026-06-29,,Magnus Tennøe
23/01093,Varangerbotn,Nord,NO4,Barents Nett As,Aker Clean Hydrogen og Varanger Kraft,Hydrogen/ammoniakk,120.0,2023-10-30,2030-01-30,,Lars Erik Johansen
21/00078,Spanne,Bergen og Haugalandet,NO2,Equinor Asa,Equinor Energy AS,Petroleum,120.0,2021-05-27,2032-12-31,,Magnus Tennøe
23/01056,Kollsnes,Bergen og Haugalandet,NO5,Equinor Asa,Equinor ASA,Petroleum,105.0,2019-04-19,2028-06-30,,Magnus Tennøe
23/01030,Bjerkreim,Sør Rogaland og Agder,NO2,Lnett AS,Green Mountain AS,Datasenter,100.0,2024-06-16,2026-12-31,,Ingvild Grøtterud Birkeland
24/01774,Ringerike,Hallingdal og Ringerike,NO1,Glitre Nett AS,Stack AS,Datasenter,100.0,2025-03-20,2027-12-30,,Heidi Hellesvik Ringstad
21/00196,T35,Telemark og Vestfold,NO2,Herøya Nett As,Yara,Industri,100.0,2023-02-27,2030-09-29,,Geir Kåsa
24/01756,Marka,Helgeland og Salten,NO4,Linea AS,Norsk E-fuel,Industri,90.0,2025-12-21,2028-06-29,,Ingvild Grøtterud Birkeland
21/00184,Arendal Industrinett,Sør Rogaland og Agder,NO2,Glitre Nett AS,Morrow Batteries,Batteriproduksjon,88.5,2024-08-22,2028-06-29,,Geir Kåsa
23/00955,Fagrafjell,Sør Rogaland og Agder,NO2,Lnett AS,Green Mountain,Datasenter,80.0,2024-06-27,2027-03-31,,Ingvild Grøtterud Birkeland
21/00019,Hofstad,Midt,NO3,Tensio AS,OKEA,Petroleum,80.0,2020-06-09,2026-07-30,,Christopher Aarnseth Ruud
21/00212,Tegneby,"Oslo, Akershus og Østfold",NO1,Elvia As,Green Mountain Enebakk AS,Datasenter,75.0,2020-09-21,2027-12-30,,Heidi Hellesvik Ringstad
24/01632,Lindås,Bergen og Haugalandet,NO5,BKK AS,Equinor ASA,Hydrogen/ammoniakk,75.0,2025-05-06,2030-12-31,,Magnus Tennøe
23/01415,Kollsnes,Bergen og Haugalandet,NO5,BKK AS,Carbon Removal,Industri,74.0,2024-03-19,2028-03-30,,Magnus Tennøe
21/00460,Tunnsjødal,Midt,NO4,Tensio AS,Exanorth AS,Datasenter,70.0,2022-01-06,2026-12-31,,Christopher Aarnseth Ruud
21/00298,Ålfoten,Sogn og Sunnmøre,NO3,Linja AS,Lefdal Mine datacenter,Datasenter,63.8,2018-10-30,2028-06-29,,Hans Olav Ween
21/00063,Ørskog,Sogn og Sunnmøre,NO3,Linja AS,Hofseth Aqua,Oppdrettsnæring,62.0,2023-12-05,2027-03-30,,Hans Olav Ween
23/01430,Rana,Helgeland og Salten,NO4,Linea AS,SMA Mineal,Industri,60.0,2025-08-10,2026-12-30,,Ingvild Grøtterud Birkeland
22/00533,Bardufoss Transformatorstasjon,Nord,NO4,Arva AS,Finnfjord AS,Industri,60.0,2025-10-08,2031-06-30,,Lars Erik Johansen
24/01660,Grenland,Telemark og Vestfold,NO2,Lede AS,Klingstone AS,Datasenter,55.0,2024-10-28,2027-12-30,,Geir Kåsa
21/00341,Ringerike,Hallingdal og Ringerike,NO1,Glitre Nett AS,Billerud Korsnäs,Industri,55.0,2023-03-15,2026-12-31,,Heidi Hellesvik Ringstad
25/02065,Ringerike,Hallingdal og Ringerike,NO1,Glitre Nett AS,Biojet AS,Industri,55.0,2025-10-09,2032-12-30,,Heidi Hellesvik Ringstad
21/00207,Kollsnes,Bergen og Haugalandet,NO5,Equinor Asa,Equinor ASA,Petroleum,51.0,2019-04-19,2024-08-29,,Magnus Tennøe
22/00692,Kobbvatnet,Helgeland og Salten,NO4,Kystnett As,Northern DC,Datasenter,50.0,2022-09-27,2028-11-30,,Ingvild Grøtterud Birkeland
24/01770,Tegneby,"Oslo, Akershus og Østfold",NO1,Elvia As,Larkollveien 4 AS,Datasenter,50.0,2025-08-28,2027-09-29,,Heidi Hellesvik Ringstad
23/01400,Frogner,"Oslo, Akershus og Østfold",NO1,Elvia As,AtNorth AS,Datasenter,50.0,2025-10-13,2028-03-30,,Heidi Hellesvik Ringstad
23/01192,Minne,Innlandet,NO1,Elvia As,AtNorth AS,Datasenter,50.0,2026-01-22,2033-03-30,,Heidi Hellesvik Ringstad
24/01748,Litle Sotra,Bergen og Haugalandet,NO5,BKK AS,Tresmarka AS,Transport,50.0,2025-05-06,2028-12-01,,Magnus Tennøe
24/01503,Fagrafjell,Sør Rogaland og Agder,NO2,Lnett AS,GREEN HORIZON AS,Datasenter,48.0,2024-06-27,2026-12-31,,Ingvild Grøtterud Birkeland
24/01555,Minne,Innlandet,NO1,Elvia As,AtNorth AS,Datasenter,46.0,2026-01-22,2035-12-30,,Heidi Hellesvik Ringstad
21/00068,Surna,Midt,NO3,Mellom AS,Salfjord AS,Oppdrettsnæring,45.0,2025-03-13,2028-01-01,,Christopher Aarnseth Ruud
21/00365,Skaidi,Nord,NO4,Lucerna AS,Horisont Energi,Hydrogen/ammoniakk,45.0,2023-06-28,2028-04-02,,Lars Erik Johansen
21/00247,Kvinesdal,Sør Rogaland og Agder,NO2,Alcoa Norway AS,Aker BP ASA,Petroleum,45.0,2019-12-02,2026-06-29,,Geir Kåsa
22/00635,Tegneby,"Oslo, Akershus og Østfold",NO1,Elvia As,HAFSLUND CELSIO AS,Industri,41.0,2023-11-19,2027-12-30,,Heidi Hellesvik Ringstad
21/00475,Marka,Helgeland og Salten,NO4,Linea AS,Alcoa Mosjøen,Industri,41.0,2024-02-09,2027-12-30,,Ingvild Grøtterud Birkeland
25/02292,Vinje,Telemark og Vestfold,NO2,Statkraft Energi As,Bifrost Edge AS,Datasenter,40.0,2025-12-14,2026-12-14,,Geir Kåsa
23/01414,Lindås,Bergen og Haugalandet,NO5,BKK AS,Mongstad Eiendomsselskap,Oppdrettsnæring,40.0,2024-03-19,2026-06-29,,Magnus Tennøe
22/00493,Grenland,Telemark og Vestfold,NO2,Lede AS,INEOS Bamble AS,Industri,37.0,2024-02-05,2032-12-30,,Geir Kåsa
24/01504,Bjerkreim,Sør Rogaland og Agder,NO2,Lnett AS,GreenBox™ Data Center Solutions by Green Horizon AS,Datasenter,36.0,2024-06-27,2027-12-31,,Ingvild Grøtterud Birkeland
21/00397,Rjukan,Telemark og Vestfold,NO2,Lede AS,NORSK HYDROGEN AS,Hydrogen/ammoniakk,35.0,2021-09-28,2028-06-29,,Geir Kåsa
21/00339,Skaidi,Nord,NO4,Lucerna AS,Nussir AS,Industri,35.0,2022-02-27,2026-09-30,,Lars Erik Johansen
21/00385,Hasle,"Oslo, Akershus og Østfold",NO1,Elvia As,Borregaard AS,Industri,35.0,2023-12-07,2027-06-29,,Heidi Hellesvik Ringstad
24/01869,Rjukan,Telemark og Vestfold,NO2,Lede AS,Green Mountain AS,Datasenter,33.0,2025-02-12,2026-12-30,,Geir Kåsa
23/01372,Frogner,"Oslo, Akershus og Østfold",NO1,Elvia As,SI OSL 03.2 AS,Datasenter,32.0,2025-10-13,2033-06-29,,Heidi Hellesvik Ringstad
21/00206,Haugsvær,Bergen og Haugalandet,NO5,BKK AS,Regn / Kitebrook,Datasenter,30.0,2020-10-27,2027-03-31,,Magnus Tennøe
23/00956,Hasle,"Oslo, Akershus og Østfold",NO1,Elvia As,AtNorth AS,Datasenter,30.0,2025-05-12,2028-03-30,,Heidi Hellesvik Ringstad
22/00665,Svartisen,Helgeland og Salten,NO4,Arva AS,Nscale,Datasenter,30.0,2025-10-02,2027-12-30,,Ingvild Grøtterud Birkeland
24/01894,Ringerike,Hallingdal og Ringerike,NO1,Glitre Nett AS,AtNorth AS,Datasenter,30.0,2025-10-09,2032-12-30,,Heidi Hellesvik Ringstad
21/00191,Salten transformatorstasjon,Helgeland og Salten,NO4,Arva AS,GreenH,Hydrogen/ammoniakk,30.0,2023-06-30,2027-06-29,,Ingvild Grøtterud Birkeland
22/00754,Mestervik,Nord,NO4,Arva AS,Neptun Tromsø AS,Hydrogen/ammoniakk,30.0,2025-10-08,2028-03-31,,Lars Erik Johansen
23/00999,Hasle,"Oslo, Akershus og Østfold",NO1,Elvia As,Kronos Titan AS,Industri,30.0,2025-05-12,2030-12-30,,Heidi Hellesvik Ringstad
26/03113,Bamble,Telemark og Vestfold,NO2,Lede AS,STORMVIND AS,Annet forbruk,30.0,2025-11-03,2028-06-29,,Geir Kåsa
21/00112,T35,Telemark og Vestfold,NO2,Herøya Nett As,Nordic Electrofuel AS,Hydrogen/ammoniakk,26.0,2023-01-18,2029-06-30,,Geir Kåsa
21/00222,Fortun,Sogn og Sunnmøre,NO5,Linja AS,Hydro Aluminium AS,Industri,26.0,2019-02-17,2026-06-29,,Hans Olav Ween
21/00458,Grenland,Telemark og Vestfold,NO2,Lede AS,INEOS Rafnes AS,Industri,26.0,2024-02-05,2030-09-29,,Geir Kåsa
25/02311,Fagrafjell,Sør Rogaland og Agder,NO2,Lnett AS,MS Kvål,Datasenter,25.0,2024-05-27,2027-12-31,,Ingvild Grøtterud Birkeland
23/01062,Frogner,"Oslo, Akershus og Østfold",NO1,Elvia As,SI OSL 03.2 AS,Datasenter,25.0,2025-04-28,2033-06-29,,Heidi Hellesvik Ringstad
25/02009,Kollsnes,Bergen og Haugalandet,NO5,BKK AS,FlexFuels AS,Industri,25.0,2025-05-06,2028-01-01,,Magnus Tennøe
25/02117,Hasle,"Oslo, Akershus og Østfold",NO1,Elvia As,Viken Energy AS,Annet forbruk,25.0,2020-11-08,2028-12-30,,Heidi Hellesvik Ringstad
23/01042,Ulven,"Oslo, Akershus og Østfold",NO1,Elvia As,Skygard 1 AS,Datasenter,24.2,2024-11-18,2029-12-30,,Heidi Hellesvik Ringstad
21/00173,Vang,Innlandet,NO1,Elvia As,BaneNor SF,Transport,24.0,2020-12-06,2026-05-30,,Heidi Hellesvik Ringstad
25/02320,Stølaheia,Sør Rogaland og Agder,NO2,Lnett AS,Stavanger Havn,Transport,24.0,2024-05-22,2025-12-31,,Ingvild Grøtterud Birkeland
21/00471,Marka,Helgeland og Salten,NO4,Linea AS,Exanext AS,Datasenter,23.0,2025-12-21,2027-09-29,,Ingvild Grøtterud Birkeland
21/00169,Frogner,"Oslo, Akershus og Østfold",NO1,Elvia As,SI OSL 03.2 AS,Datasenter,22.0,2023-11-19,2033-06-29,,Heidi Hellesvik Ringstad
25/02045,Lindås,Bergen og Haugalandet,NO5,BKK AS,Viking Aqua,Oppdrettsnæring,20.0,2025-05-26,2027-12-01,,Magnus Tennøe
23/00970,Sortland,Nord,NO4,Vestall AS,,Industri,21.4,2023-02-26,2027-05-31,,Lars Erik Johansen
22/00695,Svartisen,Helgeland og Salten,NO4,Arva AS,Neptun GGA,Hydrogen/ammoniakk,20.0,2023-06-30,2027-06-29,,Ingvild Grøtterud Birkeland
23/00869,Moskog,Sogn og Sunnmøre,NO3,Linja AS,HTwo-Fuel AS,Hydrogen/ammoniakk,20.0,2023-09-21,2027-07-29,,Hans Olav Ween
22/00600,Ørskog,Sogn og Sunnmøre,NO3,Linja AS,Norwegian Hydrogen AS,Hydrogen/ammoniakk,20.0,2023-12-05,2027-04-29,,Hans Olav Ween
22/00701,Nedre Røssåga,Helgeland og Salten,NO4,Linea AS,GreenH,Hydrogen/ammoniakk,20.0,2024-02-09,2027-03-31,,Ingvild Grøtterud Birkeland
23/01421,Fagrafjell,Sør Rogaland og Agder,NO2,Lnett AS,Norwegian Hydrogen,Hydrogen/ammoniakk,20.0,2024-06-27,2027-12-30,,Ingvild Grøtterud Birkeland
23/01416,Dale,Bergen og Haugalandet,NO5,BKK AS,Dale Fabrikker,Industri,20.0,2023-12-11,2027-01-01,,Magnus Tennøe
23/01418,Kollsnes,Bergen og Haugalandet,NO5,BKK AS,Northern Lights trinn 2,Industri,20.0,2024-03-19,2028-12-30,,Magnus Tennøe
24/01633,Litle Sotra,Bergen og Haugalandet,NO5,BKK AS,Equinor ASA,Industri,20.0,2025-05-26,2029-01-01,,Magnus Tennøe
25/02861,Kvinesdal,Sør Rogaland og Agder,NO2,VENTYR SNII AS,Ventyr,Annet forbruk,20.0,2024-10-07,2030-12-30,,Geir Kåsa
23/01370,Ringerike,Hallingdal og Ringerike,NO1,Glitre Nett AS,Green Mountain AS,Datasenter,18.5,2024-09-25,2027-09-29,,Heidi Hellesvik Ringstad
22/00529,Grenland,Telemark og Vestfold,NO2,Lede AS,INEOS Rafnes AS,Industri,18.0,2024-02-05,2034-09-29,,Geir Kåsa
24/01720,Bærheim,Sør Rogaland og Agder,NO2,Lnett AS,Kolumbus AS,Transport,18.0,2025-04-11,2026-06-29,,Ingvild Grøtterud Birkeland
23/01076,Alta tra,Nord,NO4,Alut As,Alta Havn,Transport,18.0,2025-11-20,2027-06-24,,Lars Erik Johansen
22/00643,Nedre Røssåga,Helgeland og Salten,NO4,Linea AS,Arctic Seafarm,Oppdrettsnæring,17.6,2024-02-09,2026-06-30,,Ingvild Grøtterud Birkeland
21/00200,Arna,Bergen og Haugalandet,NO5,BKK AS,STATENS VEGVESEN,Transport,17.0,2022-11-10,2026-07-01,,Magnus Tennøe
21/00172,Tegneby,"Oslo, Akershus og Østfold",NO1,Elvia As,SI OSL 04 AS,Datasenter,16.0,2021-01-25,2033-06-29,,Heidi Hellesvik Ringstad
23/01145,Aurland2,Hallingdal og Ringerike,NO5,Sygnir AS,Aurland Hamnevesen,Transport,16.0,2025-09-04,2026-04-30,,Hans Olav Ween
21/00371,Åfjord,Midt,NO3,Tensio AS,Vikingbase,Oppdrettsnæring,15.7,2023-12-06,2027-12-31,,Christopher Aarnseth Ruud
21/00437,Trollheim,Midt,NO3,Tensio AS,Wäcker Chemicals,Industri,15.5,2022-06-09,2031-12-30,,Christopher Aarnseth Ruud
22/00550,Fræna,Midt,NO3,Elinett AS,Troll Housing AS,Datasenter,15.0,2023-12-06,2027-07-01,,Christopher Aarnseth Ruud
23/01304,Ringerike,Hallingdal og Ringerike,NO1,Glitre Nett AS,Odin Green DC AS,Datasenter,15.0,2024-09-25,2026-09-29,,Heidi Hellesvik Ringstad
25/02031,Ringerike,Hallingdal og Ringerike,NO1,Glitre Nett AS,Bulk AS,Datasenter,15.0,2025-10-09,2032-12-30,,Heidi Hellesvik Ringstad
23/01043,Moskog,Sogn og Sunnmøre,NO3,Linja AS,Havlandet Matfisk AS,Oppdrettsnæring,15.0,2023-09-21,2027-11-29,,Hans Olav Ween
22/00630,Boltås,Nord,NO4,Noranett AS,Rødskjær,Industri,15.0,2023-01-02,2027-05-31,,Lars Erik Johansen
23/01263,Smestad,"Oslo, Akershus og Østfold",NO1,Elvia As,OSLO HAVN KF,Transport,14.0,2024-10-23,2026-06-29,,Heidi Hellesvik Ringstad
22/00614,Kristiansand,Sør Rogaland og Agder,NO2,Glitre Nett AS,AKT,Transport,14.0,2025-05-25,2028-12-30,,Geir Kåsa
22/00544,Fræna,Midt,NO3,Elinett AS,Salmon Evolution,Oppdrettsnæring,13.3,2023-12-06,2027-03-01,,Christopher Aarnseth Ruud
21/00163,Tegneby,"Oslo, Akershus og Østfold",NO1,Elvia As,Microsoft Datacenter Norway AS,Datasenter,13.0,2021-05-07,2028-12-30,,Heidi Hellesvik Ringstad
22/00598,Salten transformatorstasjon,Helgeland og Salten,NO4,Arva AS,Åsmyra Industripark,Industri,13.0,2023-06-30,2026-03-30,,Ingvild Grøtterud Birkeland
21/00435,Svartisen,Helgeland og Salten,NO4,Arva AS,Nova Sea,Oppdrettsnæring,13.0,2023-06-30,2026-12-30,,Ingvild Grøtterud Birkeland
23/01196,Høyanger,Sogn og Sunnmøre,NO3,Linja AS,Hydro Aluminium AS,Industri,13.0,2025-11-16,2031-12-30,,Hans Olav Ween
25/02325,Stølaheia,Sør Rogaland og Agder,NO2,Lnett AS,Green Mountain AS,Datasenter,12.5,2024-05-22,2032-03-31,,Ingvild Grøtterud Birkeland
25/02114,Sogn,"Oslo, Akershus og Østfold",NO1,Elvia As,Oslo Kommune Fornebubanen,Transport,12.5,2024-10-23,2028-06-29,,Heidi Hellesvik Ringstad
21/00351,Salten transformatorstasjon,Helgeland og Salten,NO4,Arva AS,Sisomar Smolt,Oppdrettsnæring,12.3,2023-06-30,2031-12-30,,Ingvild Grøtterud Birkeland
23/00821,Frogner,"Oslo, Akershus og Østfold",NO1,Elvia As,Bulk Infrastructure Group AS,Datasenter,12.0,2025-04-28,2029-06-29,,Heidi Hellesvik Ringstad
23/01154,Fræna,Midt,NO3,Elinett AS,Salmon Evolution AS,Oppdrettsnæring,12.0,2020-03-11,2027-12-31,,Christopher Aarnseth Ruud
24/01545,Sylling,Hallingdal og Ringerike,NO1,Glitre Nett AS,Chemring Nobel AS,Industri,12.0,2025-03-18,2026-12-30,,Heidi Hellesvik Ringstad
23/01109,Fræna,Midt,NO3,Elinett AS,Plug Romsdal AS,Transport,12.0,2023-12-06,2026-11-30,,Christopher Aarnseth Ruud
23/00866,Narvik,Nord,NO4,Noranett AS,Plug Nord AS,Transport,12.0,2025-10-08,2026-09-02,,Lars Erik Johansen
24/01744,Moskog,Sogn og Sunnmøre,NO3,Linja AS,NORDFJORD HAVN IKS,Transport,12.0,2025-11-12,2028-04-27,,Hans Olav Ween
25/02504,Kobbvatnet,Helgeland og Salten,NO4,Kystnett As,TQC AS,Industri,11.0,2022-09-27,2028-06-30,,Ingvild Grøtterud Birkeland
21/00400,Flesaker,Telemark og Vestfold,NO1,Glitre Nett AS,Drammen fjernvarme,Industri,11.0,2023-03-15,2025-12-30,,Heidi Hellesvik Ringstad
24/01492,Bamble,Telemark og Vestfold,NO2,Lede AS,Recuro AS,Industri,11.0,2025-04-10,2029-06-29,,Geir Kåsa
25/02314,Fagrafjell,Sør Rogaland og Agder,NO2,Lnett AS,Green Mountain,Datasenter,10.0,2024-05-27,2025-12-31,,Ingvild Grøtterud Birkeland
24/01619,Vang,Innlandet,NO1,Elvia As,Eidsiva Bredbånd AS,Datasenter,10.0,2026-01-22,2035-12-30,,Heidi Hellesvik Ringstad
22/00660,Sildvik,Nord,NO4,Narvik Hydrogen AS,Narvik Hydrogen AS,Hydrogen/ammoniakk,10.0,2023-10-30,2027-01-30,,Lars Erik Johansen
23/01096,Moskog,Sogn og Sunnmøre,NO3,Linja AS,BUE SALMON AS,Oppdrettsnæring,10.0,2026-01-12,2028-08-30,,Hans Olav Ween
25/02315,Fagrafjell,Sør Rogaland og Agder,NO2,Lnett AS,Norwegian Hydrogen,Hydrogen/ammoniakk,10.0,2024-05-27,2025-12-31,,Ingvild Grøtterud Birkeland
21/00283,Kårstø,Bergen og Haugalandet,NO2,Gassco AS,Gassco AS,Petroleum,10.0,2019-05-15,2029-12-30,,Magnus Tennøe
22/00516,Eidum,Midt,NO3,Tensio AS,Meråker Hydrogen AS,Hydrogen/ammoniakk,9.2,2023-12-06,2027-10-01,,Christopher Aarnseth Ruud
21/00127,Stord,Bergen og Haugalandet,NO2,Fagne AS,Lerøy,Oppdrettsnæring,9.0,2023-11-23,2026-09-30,,Magnus Tennøe
23/01412,Kollsnes,Bergen og Haugalandet,NO5,BKK AS,H2 Production AS,Hydrogen/ammoniakk,9.0,2024-03-19,2029-12-30,,Magnus Tennøe
21/00036,Fræna,Midt,NO3,Elinett AS,Omya Hustadmarmor AS,Industri,9.0,2018-10-15,2028-12-31,,Christopher Aarnseth Ruud
22/00730,Dale,Bergen og Haugalandet,NO5,BKK AS,STATENS VEGVESEN,Transport,9.0,2022-11-10,2026-04-01,,Magnus Tennøe
24/01491,Sogn,"Oslo, Akershus og Østfold",NO1,Elvia As,Nye Rikshopistalet sykehus,Annet forbruk,9.0,2024-02-12,2030-03-30,,Heidi Hellesvik Ringstad
23/00896,Hof,Telemark og Vestfold,NO2,Lede AS,KOPSTAD GODSTERMINAL AS,Transport,8.8,2023-09-24,2027-03-30,,Geir Kåsa
25/01986,Narvik,Nord,NO4,Noranett AS,Narvikfjellet Allmen AS,Industri,8.5,2025-08-20,2028-01-31,,Lars Erik Johansen
24/01601,Fagrafjell,Sør Rogaland og Agder,NO2,Lnett AS,GREEN HORIZON AS,Datasenter,8.0,2024-06-27,2028-12-31,,Ingvild Grøtterud Birkeland
24/01721,Bærheim,Sør Rogaland og Agder,NO2,Lnett AS,Asp Eiendom AS,Datasenter,8.0,2024-10-16,2031-12-30,,Ingvild Grøtterud Birkeland
22/00709,Stord,Bergen og Haugalandet,NO2,Fagne AS,Alsaker Fjordbruk Øyerhamn Unitech og VGS Espevær,Oppdrettsnæring,8.0,2020-12-10,2027-12-29,,Magnus Tennøe
22/00708,Adamselv,Nord,NO4,Area Nett AS,Grieg Seafood,Oppdrettsnæring,8.0,2023-03-23,2025-12-31,,Lars Erik Johansen
23/01210,Hasle,"Oslo, Akershus og Østfold",NO1,Elvia As,Frevar KF,Industri,8.0,2025-05-12,2030-12-30,,Heidi Hellesvik Ringstad
24/01509,Hamang,"Oslo, Akershus og Østfold",NO1,Elvia As,Oslofjord Varme AS,Annet forbruk,8.0,2024-10-16,2026-12-30,,Heidi Hellesvik Ringstad
24/01886,Rjukan,Telemark og Vestfold,NO2,Lede AS,Statkraft,Annet forbruk,8.0,2025-02-12,2030-09-29,,Geir Kåsa
24/01490,Furuset,"Oslo, Akershus og Østfold",NO1,Elvia As,Nye Aker sykehus,Annet forbruk,7.8,2024-02-12,2027-03-30,,Heidi Hellesvik Ringstad
22/00685,Kvitfossen,Nord,NO4,Elmea AS,Oppdrett,Industri,7.5,2023-01-19,2026-11-30,,Lars Erik Johansen
23/01116,Aura,Midt,NO3,Hydro Aluminium As,Hydro Aluminium AS,Industri,7.5,2024-03-14,2028-12-31,,Christopher Aarnseth Ruud
25/02107,Salten transformatorstasjon,Helgeland og Salten,NO4,Arva AS,Arctic Sapphire,Industri,7.0,2019-06-02,2026-06-29,,Ingvild Grøtterud Birkeland
23/00927,Vardal,Innlandet,NO1,Elvia As,Nammo Raufoss AS,Industri,7.0,2023-06-04,2025-11-06,,Heidi Hellesvik Ringstad
22/00700,Ogndal,Midt,NO3,Tensio AS,MM Follacell,Industri,7.0,2025-03-14,2029-10-01,,Christopher Aarnseth Ruud
23/01198,Høyanger,Sogn og Sunnmøre,NO3,Linja AS,Hydro Aluminium AS,Industri,7.0,2025-11-16,2026-01-29,,Hans Olav Ween
23/01232,Ulven,"Oslo, Akershus og Østfold",NO1,Elvia As,HAFSLUND CELSIO AS,Annet forbruk,7.0,2024-11-18,2030-06-29,,Heidi Hellesvik Ringstad
23/00924,Midtfjellet,Bergen og Haugalandet,NO2,Fagne AS,Bolaks AS,Oppdrettsnæring,6.9,2023-11-23,2027-12-30,,Magnus Tennøe
21/00333,Strinda,Midt,NO3,Tensio AS,NTNU Tyholt Marin center,Industri,6.6,2021-05-21,2027-12-30,,Christopher Aarnseth Ruud
25/02313,Fagrafjell,Sør Rogaland og Agder,NO2,Lnett AS,GreenH Fiskå,Hydrogen/ammoniakk,6.5,2024-05-27,2025-12-31,,Ingvild Grøtterud Birkeland
23/01213,Nedre Vinstra,Innlandet,NO1,Vevig As,Driva Aquaculture AS,Industri,6.5,2024-06-27,2027-06-29,,Heidi Hellesvik Ringstad
25/02038,Salten transformatorstasjon,Helgeland og Salten,NO4,Arva AS,AVINOR AS,Transport,6.5,2023-06-29,2027-09-29,,Ingvild Grøtterud Birkeland
21/00434,Svartisen,Helgeland og Salten,NO4,Arva AS,Helgeland Smolt AS,Oppdrettsnæring,6.3,2023-06-30,2028-09-29,,Ingvild Grøtterud Birkeland
24/01620,Smestad,"Oslo, Akershus og Østfold",NO1,Elvia As,Oslo Kommune Fornebubanen,Transport,6.2,2024-10-23,2028-06-29,,Heidi Hellesvik Ringstad
24/01627,Kjelland,Sør Rogaland og Agder,NO2,Lnett AS,Kaupanes Hydrogen AS,Hydrogen/ammoniakk,6.0,2024-06-27,2027-06-30,,Ingvild Grøtterud Birkeland
23/01246,Grenland,Telemark og Vestfold,NO2,Herøya Nett As,LanzaTech,Industri,6.0,2025-04-10,2027-12-31,,Geir Kåsa
23/01371,Frogner,"Oslo, Akershus og Østfold",NO1,Elvia As,RUTER AS,Transport,6.0,2025-04-25,2028-09-29,,Heidi Hellesvik Ringstad
23/01144,Høyanger,Sogn og Sunnmøre,NO3,Linja AS,Hydro Havrand,Hydrogen/ammoniakk,5.8,2025-09-24,2025-10-14,,Hans Olav Ween
22/00625,Hinnøy,Nord,NO4,Noranett AS,Andfjord Salmon,Oppdrettsnæring,5.6,2023-02-20,2027-06-24,,Lars Erik Johansen
22/00673,Vinnelys,Nord,NO4,Vissi AS,Lerøy,Oppdrettsnæring,5.6,2023-10-30,2026-05-31,,Lars Erik Johansen
22/00696,Sautso,Nord,NO4,Vissi AS,Artic Core AS,Datasenter,5.0,2025-10-08,2026-05-31,,Lars Erik Johansen
23/00893,Skaidi,Nord,NO4,Lucerna AS,Cermaq,Oppdrettsnæring,5.0,2023-03-30,2025-12-31,,Lars Erik Johansen
25/02185,Kolsvik,Helgeland og Salten,NO4,Linea AS,AQUACULTURE INNOVATION AS,Oppdrettsnæring,5.0,2024-02-08,2025-06-29,,Ingvild Grøtterud Birkeland
23/01219,Niingen,Nord,NO4,Noranett AS,Bogen Aqua,Oppdrettsnæring,5.0,2026-01-18,2028-01-30,,Lars Erik Johansen
23/01153,Fræna,Midt,NO3,Elinett AS,Omya Hustadmarmor AS,Industri,5.0,2018-10-15,2031-12-31,,Christopher Aarnseth Ruud
21/00006,Strinda,Midt,NO3,Tensio AS,Statkraft Varme,Industri,5.0,2021-03-17,2026-02-28,,Christopher Aarnseth Ruud
25/02312,Fagrafjell,Sør Rogaland og Agder,NO2,Lnett AS,Norsk Stein Tau,Industri,5.0,2024-05-27,2024-12-31,,Ingvild Grøtterud Birkeland
23/01141,Høyanger,Sogn og Sunnmøre,NO3,Linja AS,Vest Resirkulering,Industri,5.0,2025-11-16,2027-03-30,,Hans Olav Ween
23/00867,Ålfoten,Sogn og Sunnmøre,NO3,Linja AS,Svelgen Property AS,Datasenter,4.8,2023-03-08,2026-03-30,,Hans Olav Ween
25/02022,Kolsvik,Helgeland og Salten,NO4,Tensio AS,Eco Seafood,Oppdrettsnæring,4.4,2025-03-06,2026-08-31,,Ingvild Grøtterud Birkeland
24/01507,Namsos,Midt,NO3,Tensio AS,ECO Seafood AS,Oppdrettsnæring,4.4,2025-11-01,2026-08-31,,Christopher Aarnseth Ruud
21/00441,Moskog,Sogn og Sunnmøre,NO3,Linja AS,Bulandet Miljøfisk,Oppdrettsnæring,4.0,2021-10-24,2025-12-30,,Hans Olav Ween
23/01237,Kvitnes,Nord,NO4,Noranett AS,Denvo Wolffish Norway AS,Oppdrettsnæring,4.0,2026-01-18,2026-08-31,,Lars Erik Johansen
22/00686,Melbu,Nord,NO4,Noranett AS,Børøya,Industri,4.0,2023-02-06,2027-08-01,,Lars Erik Johansen
25/02503,Kobbvatnet,Helgeland og Salten,NO4,Kystnett As,STATENS VEGVESEN,Transport,3.5,,2028-12-31,,Ingvild Grøtterud Birkeland
23/00868,Moskog,Sogn og Sunnmøre,NO3,Linja AS,EWOS AS,Oppdrettsnæring,3.0,2023-09-21,2026-04-30,,Hans Olav Ween
21/00223,Høyanger,Sogn og Sunnmøre,NO3,Linja AS,Hydro Aluminium AS,Industri,3.0,2018-08-21,2026-11-29,,Hans Olav Ween
25/02477,Kilbotn,Nord,NO4,Noranett AS,TROMS FYLKESKOMMUNE,Transport,2.8,2026-01-18,2027-02-28,,Lars Erik Johansen
22/00716,Nedre Røssåga,Helgeland og Salten,NO4,Linea AS,Nordland Settefisk,Oppdrettsnæring,2.5,2025-12-19,2025-10-01,,Ingvild Grøtterud Birkeland
24/01655,Kolsvik,Helgeland og Salten,NO4,Linea AS,Brønnøy Kalk,Transport,2.5,2025-03-12,2026-06-29,,Ingvild Grøtterud Birkeland
24/01506,Åfjord,Midt,NO3,Tensio AS,Fossefall AS,Datasenter,2.2,2025-11-14,2026-01-30,,Christopher Aarnseth Ruud
22/00713,Kolsvik,Helgeland og Salten,NO4,Linea AS,Sømna Biogaass,Industri,2.0,2024-02-09,2027-03-30,,Ingvild Grøtterud Birkeland
25/02740,Namsos,Midt,NO3,Tensio AS,MOWI ASA,Oppdrettsnæring,1.8,2026-01-19,2026-01-01,,Christopher Aarnseth Ruud
21/00347,Salten transformatorstasjon,Helgeland og Salten,NO4,Arva AS,Bluebite,Datasenter,1.0,2023-06-30,2025-12-30,,Ingvild Grøtterud Birkeland
