navn,nveNetbasID,spenning_kV,driftsattaar,eier,lat,lon
STUVANE,77864,,1988,OKKEN KRAFT AS,61.051396798768565,7.641754120807268
,,,,,58.87627348062583,5.724200395162438
SAGEFOSSEN,80632,,1984,LINJA AS,61.61478900009421,5.678047974935139
NEDRE PORSA,80076,,1959,PORSA KRAFTLAG AS,70.40227500012942,23.623914583169732
SKOTSELV-T,80106,,1953,GLITRE ENERGI NETT AS,59.8309111103599,9.867997816615082
LISMARKA TRSF.ST.,,,1983,ELVIA AS,61.068104521529854,10.623583761282186
GOLIAT,77307,,,VÅR ENERGI AS,72.92817400306706,23.118199752451005
HUNDERFOSSEN KR.VERK,,,,ELVIA AS,61.21957237061811,10.439025645940664
BI HAUGKRYSSET,,,1987,LOFOTKRAFT AS,68.13286808903962,13.552001062617942
FØRDE,,,,SUNNFJORD ENERGI AS,61.45796862298849,5.854105047322223
,,,,,59.01329139823939,5.601995009156439
EVENES T-AVGRENING,77430,,1972,HÅLOGALAND KRAFT NETT AS,68.497441007647,16.746874001203526
GÅRE TRANSFORMATORSTASJON,,,1982,HÅLOGALAND KRAFT NETT AS,68.7582862372026,16.253580784872504
NAUSTDAL,,,,SUNNFJORD ENERGI AS,61.51846948144508,5.720407118355388
T_TAFJORD,77753,,1981,TAFJORD KRAFTPRODUKSJON AS,62.21291394798819,7.4457959503713385
BG SJURBAKKEN,,,2001,LOFOTKRAFT AS,68.28985885646635,13.860141813985853
,,,,,58.994961800607676,5.664120442394345
NORD-ODAL TRST,,,,ELVIA AS,60.40815794968401,11.550391415127981
NYE HEGGEN TRANSFORMATORSTASJON,79756,,2016,HÅLOGALAND KRAFT NETT AS,68.79560400709292,16.521854000927807
,,,,,58.73595264777936,5.69133185556833
,,,,,58.85409451904839,5.780317495100845
,,,,,59.14800329200787,6.173505064388036
CC BOLLHAUGEN,,,1989,LOFOTKRAFT AS,67.93907937399793,13.070702056230308
KVITNES,80546,,1984,HÅLOGALAND KRAFT NETT AS,68.62890500685154,16.598308000134733
S1H RØD SEKUNDÆRSTASJON,,,,NORGESNETT AS,59.07572944165023,10.938584829608173
,,,,,59.06458131892325,5.932125787206299
RAMFOSS,77411,,2016,MIDTKRAFT STRØM AS,60.08311304489452,9.816645909163201
,,,,,58.809167286617736,5.7301771371621015
RØNNINGEN TRANSFORMATORSTASJON,80640,,1976,INEOS BAMBLE AS,59.082488709824645,9.617010179419896
EIKLI-T,79765,,2001,GLITRE ENERGI NETT AS,60.152689582079404,10.24766333292167
,,,,,59.110165211630765,5.698388615565164
,,,,,58.64396251875742,5.670103440497721
S1F OREDALEN,,,1973,NORGESNETT AS,59.22591919412094,10.935050506817687
MARTIN LINGE,77477,,2015,EQUINOR ASA,60.55242269156835,4.84653304774936
T-AVGREINING LINJE STORFORSHEI,79757,,1964,MIP INDUSTRINETT AS,66.40110498555352,14.48102001457733
AT BLÅLYNGEN,,,2010,LOFOTKRAFT AS,68.32334132285762,14.462487248727658
TJELE,74834,,,SYSTEMANSVARLIG,56.61931442354383,9.491716224914047
,,,,,58.89289420157506,5.731988858067529
ASLAKSRUD-T,80498,,1976,GLITRE ENERGI NETT AS,60.22049971846629,10.378906192690202
,,,,,59.059715119324444,6.6639656333542465
,,,,,58.829866754195386,5.741319753642679
RAMSUND TRANSFORMATORSTASJON,,,1983,HÅLOGALAND KRAFT NETT AS,68.49648751776976,16.51971812666874
,,,,,58.524002173890146,5.8360564101356
,,,,,58.96360267728831,5.651597882199012
BRUMMUNDDAL TRST,,,1983,ELVIA AS,60.87852784514019,10.95471291512455
M584,83561,,1958,NORDKYN KRAFTLAG SA,70.88342864329418,27.657489343454777
FYRHUS,77453,,1978,NORSKE SKOG SAUGBRUGS AS,59.12486442980746,11.401460457063072
TRANBY-T,80511,,2014,GLITRE ENERGI NETT AS,59.83130562833439,10.297360265073001
SEM,80072,,1927,GLITRE ENERGI NETT AS,59.76033123980744,9.891663076998404
ØYRAVATNET,79759,,2012,LINJA AS,61.459820678695074,5.319421768418139
,,,,,58.74479625501456,5.658720498912813
OSFALLET KRV,,,,ELVIA AS,61.201522116910574,11.506040919419824
AM VÅRSETØYA,,,1989,LOFOTKRAFT AS,68.22975815162754,14.559175691829564
BEGNA TRST,,,2005,ELVIA AS,60.64852647060419,9.897452152557907
KRUBBA-T,79774,,1967,GLITRE ENERGI NETT AS,59.77814671369436,10.382661174138937
RUDSHØGDA MOBIL OMFORMER NR. 103,81513,,2016,BANE NOR SF,60.916008104064126,10.820747825454086
SKOLLENBORG-T,77372,,1968,GLITRE ENERGI NETT AS,59.62025580438912,9.66533513118608
,,,,,58.9421150089175,5.716641581319179
SKODDEBERG,80092,,1953,HÅLOGALAND KRAFT NETT AS,68.6253410074903,17.26094200004472
T1F TORVVEIEN,,,,NORGESNETT AS,59.232040392802105,10.97774035243043
CD RØST,,,1963,LOFOTKRAFT AS,67.51841578994896,12.122662307268019
MEL,77527,,2001,LINJA AS,61.346755527342424,6.55600512080117
BLOMJOTEN TRANSFORMATORSTASJON,,,1960,HÅLOGALAND KRAFT NETT AS,68.71409712968016,16.512278894256482
MÅGELI,80525,,1956,ODDA ENERGI NETT AS,60.13287485804086,6.6280994837649825
,,,,,59.02297318422163,6.068437885084423
,,,,,58.49515192128498,6.032015285619505
,,,,,58.97723010246487,5.715524094313855
,,,,,58.80649530103759,6.252703757373943
,,,,,59.06106418620735,6.6646346937715695
,,,,,58.99112838137529,5.731411540805647
NES TRST,,,1983,ELVIA AS,60.818582746617096,10.84807424146793
KJENNER,79767,,1979,GLITRE ENERGI NETT AS,59.80595866843741,10.337399222638707
,,,,,58.90079532318696,5.706355651828125
N01-HVS1,77893,,2016,BULK INFRASTRUCTURE HOLDING AS,58.25762269518311,7.8936278098161194
CE Å,,,1962,LOFOTKRAFT AS,67.88210904177225,12.980435218095668
DOKKA TRSF.ST.,,,2005,ELVIA AS,60.82045481079759,10.112738116335057
TEFRE,,,,SUNNFJORD ENERGI AS,61.46104212233407,5.896915385955059
KANSTADBOTN TRANSFORMATORSTASJ,,,1960,HÅLOGALAND KRAFT NETT AS,68.50683838438015,15.88239923710364
CF VÆRØY,,,1985,LOFOTKRAFT AS,67.65751741274029,12.71911224872827
ENGJOM TRSF.ST.,,,1983,ELVIA AS,61.28759874051348,10.17391309553684
LYSEBOTN,77457,,1953,LYSE PRODUKSJON AS,59.05231352343801,6.616458008323986
HOMMEDAL (TELLNES),77456,,1960,TITANIA AS,58.33216846732725,6.4120832056513315
MESNA KRV,,,,ELVIA AS,61.11699725698336,10.470841315909434
SANDE,,,,SUNNFJORD ENERGI AS,61.32695062578201,5.775316494591913
OTTERÅ T-AVGRENING,80559,,1983,HÅLOGALAND KRAFT NETT AS,68.53564800643915,16.587108000292456
MYKSTUFOSS,80698,,1964,GLITRE ENERGI NETT AS,60.04940897241223,9.200428121944938
,,,,,59.10310593004636,6.011545703311431
ODDA,77386,,1967,ODDA ENERGI NETT AS,60.065836156073544,6.5502314516078135
SETERSBERG T,80066,,1974,GLITRE ENERGI NETT AS,59.899500140390586,9.888635788211053
UVDAL 2,77319,,1967,SKAGERAK KRAFT AS,60.264975373265656,8.93139686961144
,,,,,58.91124281549504,5.5919305273454105
BJ SKOTNES SKOLE,,,1937,LOFOTKRAFT AS,68.08389820273678,13.538290925561439
AB RISHOLMEN,,,1958,LOFOTKRAFT AS,68.16806198782078,14.669611376085266
,,,,,58.82843644641154,6.05568775489731
POLLAN,,,,RØDØY-LURØY KRAFTVERK AS,66.40354086286376,12.8860037716182
,,,,,58.93224892656123,5.600734754182097
,,,,ANDØY ENERGI NETT AS,69.00965458265634,15.562119084393213
,,,,,58.54838473992297,5.766867924774074
,,,,,58.88330756021594,5.693958374491247
STAKALDEFOSSEN,,,,SUNNFJORD ENERGI AS,61.44560726319089,6.009903039813285
VESTFOSSEN-T,80068,,1953,GLITRE ENERGI NETT AS,59.73288409846378,9.86145882088295
T-LUOSTEJOK,75159,,1993,LUOSTEJOK KRAFTLAG SA,69.82986400159956,25.17617237390666
DJOPVIK TRANSFORMATORSTASJON,,,1986,HÅLOGALAND KRAFT NETT AS,68.7142353159207,16.981614162331446
,,,,,58.78615487323312,5.616662970033783
EKORNSÆTER SEKUNDÆRSTASJON,,,,FINNÅS KRAFTLAG SA,59.79363019281654,5.25795463930367
ÅBJØRA TRAFOSTASJON,,,,ELVIA AS,60.916815051935444,9.379433447583674
FÅBERG TRST,,,1993,ELVIA AS,61.138681632528694,10.421979590702914
HAUGSNESET,80696,,2017,EQUINOR ASA,59.275040354700565,5.5575422224001665
BEGSLE,80690,,1965,LINJA AS,61.97646579896971,5.507860416635953
BØE,79766,,1964,JÆREN EVERK AS,58.548360056494765,5.766967017099736
S4F BROGATA,,,1984,NORGESNETT AS,59.21591033084807,10.932772473385722
BUSTAD,,,,REPVÅG KRAFTLAG SA,70.85873593370695,24.32467196299542
BF TORVDALSHALSEN,,,2001,LOFOTKRAFT AS,68.26315680459237,13.826518951944507
SOLUM OMFORMERSTASJON,81512,,2017,BANE NOR SF,59.07793008270666,9.862796783268621
S3F ØRA,,,,NORGESNETT AS,59.19224304794237,10.955380542800182
TINNESGATA,81025,,1975,TINFOS AS,59.56875307941967,9.262442932848973
BØRØYSUND SEKUNDÆRSTASJON,,,1987,FINNÅS KRAFTLAG SA,59.70574003047686,5.247368487743823
AR VÅTVIKA,,,1986,LOFOTKRAFT AS,68.2358142276702,14.818485775231638
BØRSTAD TRST,,,1983,ELVIA AS,60.79995869781204,11.095754469766476
LUTUFALLET KRV,,,,ELVIA AS,61.06554011226096,12.57921482792386
AS KROKNES,,,1986,LOFOTKRAFT AS,68.26937360946147,14.818492889135742
,,,,,58.893448761057456,5.647989390223966
BB RAMSVIK,,,1991,LOFOTKRAFT AS,68.11096443875124,13.662037215225428
UTSIKTEN KOBLINGSSTASJON,,,1980,HÅLOGALAND KRAFT NETT AS,68.79243585587761,16.51609549283505
CM MARKJORD,,,1985,LOFOTKRAFT AS,68.05056296882557,13.122990674955537
TJELDSUND TRANSFORMATORSTASJON,,,1954,HÅLOGALAND KRAFT NETT AS,68.56298815129479,16.43400050260715
,,,,ANDØY ENERGI NETT AS,68.94885860246687,15.658751601132728
BRUVOLD TRST,,,1983,ELVIA AS,60.92855108984208,10.703696739640717
BD LILAND,,,2002,LOFOTKRAFT AS,68.2287287331477,13.729231051477308
,,,,,58.952247782627886,5.701269186391161
BRÅTAN-T,79761,,2016,GLITRE ENERGI NETT AS,59.758790483967765,10.166416411878517
AJER TRST,,,1983,ELVIA AS,60.810846589936325,11.053944251194963
AU DIGERMULEN,,,1988,LOFOTKRAFT AS,68.30986917034156,14.988614511795854
KROKMYRDALEN T-AVGREINING,80560,,1975,HÅLOGALAND KRAFT NETT AS,68.6642170072411,16.952981001762456
,,,,,58.94478266482384,5.749155100928864
ROPPA KR.VERK,,,,ELVIA AS,61.24033783789304,10.058523021207503
DJUPDAL-L1-T,81023,,1976,GLITRE ENERGI NETT AS,59.94381927070161,9.351795764194854
BC SKIFJORD,,,1987,LOFOTKRAFT AS,68.15495851336718,13.779073861985744
125 BUSKHOLEN,,,,ANDØY ENERGI NETT AS,69.14438789226895,15.759923891919044
,,,,,59.00298903252124,6.081743811652705
SAINT-GOBAIN EYDEHAVN,75166,,1958,FIVEN NORGE AS,58.49841013676653,8.873779834257284
FASLEFOSS KR.VERK,,,,ELVIA AS,60.9570625865654,9.300689487163506
HAGEN,,,2000,SUNNFJORD ENERGI AS,61.12673434193164,4.913904353106398
RAUFOSS TRSF.ST.,,,,ELVIA AS,60.709187886187635,10.607063590482634
BORREGAARD 2,77799,,1970,BORREGAARD AS,59.27621528305565,11.126304594284443
BM SMORTEN,,,2007,LOFOTKRAFT AS,68.26551181425236,14.157060090077188
TROLL-PLATTFORMEN,77656,,1992,EQUINOR ASA,60.38452113672446,3.43183026142149
HOL III,44669,,1958,GLITRE ENERGI NETT AS,60.58292488727928,8.404550792517343
GARDSVIKDALEN TRANSFORMATORSTA,,,1987,HÅLOGALAND KRAFT NETT AS,68.78107100032088,17.159212550759957
S1R  RAA SEKUNDÆRSTASJON,,,,NORGESNETT AS,59.24451697318162,10.980408751482182
S5F GLUPPE SEKUNDÆRSTASJON,,,1989,NORGESNETT AS,59.239824759577814,10.918622727137086
HOLGERSMOEN-T,80075,,2010,GLITRE ENERGI NETT AS,59.93987621681601,9.94541070892895
FUTELV,77615,,,NORDKYN KRAFTLAG SA,71.06051712471347,28.03420660142104
EMBRETSFOSS-T,77534,,2012,GLITRE ENERGI NETT AS,59.90817315286531,9.897701775470534
TROLLDALEN TS,,,1982,AGDER ENERGI NETT AS,58.2962344203662,6.670560692126959
RUDSHØGDA TRST,,,1983,ELVIA AS,60.90582343655197,10.819398162947168
VELDRESIDEN TRSF.ST.,,,1983,ELVIA AS,60.885818694030306,10.937451837489974
HEGGEN TRANSFORMATORSTASJON,,,1980,HÅLOGALAND KRAFT NETT AS,68.79535744345793,16.521402461932855
TRAFO ØST,77600,,2008,LKAB NORGE AS,68.43363900666893,17.40773800040968
NORE 2,80715,,2012,GLITRE ENERGI NETT AS,60.23883753852574,9.000334667902099
MYKLEBUST TS,,,2010,SUNNFJORD ENERGI AS,61.52279039758267,6.385488099832478
,,,,,58.469835979941436,6.026221527707972
VIGELAND,80096,,1972,HYDRO VIGELANDS BRUG AS,58.25345898591661,7.958817455316209
GJØVIK OMFORMERSTASJON,81030,,2017,BANE NOR SF,60.78609596710079,10.672557440158888
T_HOLLEMOEN,77358,,1987,HEMSEDAL ENERGI AS,60.862765268241105,8.516665374845802
HJELLUM TRST,,,1983,ELVIA AS,60.80100899725482,11.155698268493985
SELVÆR,,,,RØDØY-LURØY KRAFTVERK AS,66.58301298827077,12.233339553513384
AL KABELVÅG,,,1960,LOFOTKRAFT AS,68.21258623515523,14.476566164035424
HÅLANDSFOSSEN,,,,SUNNFJORD ENERGI AS,61.33068603808204,5.4140168100870065
SVABO,79837,,1955,MIP INDUSTRINETT AS,66.30567197495054,14.177545025854835
GÅSVANN KOBLINGSTASJON,,,1982,HÅLOGALAND KRAFT NETT AS,68.76588898798805,16.324464642885385
SJUSJØEN TRST,,,2007,ELVIA AS,61.124501844931565,10.693786783896764
UGULSVIK,81523,,2018,LUSTER ENERGIVERK AS,61.36441068902573,7.097512795854802
CB FORSFJORD,,,1937,LOFOTKRAFT AS,67.93949831385152,12.981801226542743
AD SVOLVÆR,,,1997,LOFOTKRAFT AS,68.2344057363166,14.56177216638979
SAMTEIG,75181,,1969,ODDA ENERGI NETT AS,60.0880701634053,6.550462461256551
VESTRE STASJON,77295,,1974,LKAB NORGE AS,68.43064100698714,17.389308001772974
LUNDE TRST,,,1996,ELVIA AS,61.2289400697007,10.273844794954583
LUNDEN,77855,,2014,LINJA AS,61.843866569750304,5.790913707914733
LOMEN TR.ST,,,,ELVIA AS,61.13551632094829,8.879316302900815
KVITNES TRANSFORMATORSTASJON,,,1984,HÅLOGALAND KRAFT NETT AS,68.62933731055878,16.59829871064675
BRÅTEN2-T,80510,,1978,GLITRE ENERGI NETT AS,60.60754372772709,9.074734498516351
MOELV TRST,,,1983,ELVIA AS,60.93696353356568,10.71937892620088
SØRFJORD 1,80474,,2013,NORDKRAFT PRODUKSJON AS,68.06453000662987,16.666002001314634
ILMENITSMELTEVERKET,71158,,1985,TIZIR TITANIUM & IRON AS,60.11491020904249,6.554872418897726
MYKSTUFOSS-L1-T,81021,,1964,GLITRE ENERGI NETT AS,60.03767201204836,9.2200490737875
LEIVOLL OMFORMERSTASJON,81514,,2003,BANE NOR SF,58.26669042835524,7.452810617556485
S1B SANDEM SEKUNDÆRSTASJON,,,,NORGESNETT AS,59.23738050735021,11.008072430744058
SKORGE,80523,,1970,LINJA AS,61.99896409690465,5.459019687824437
GREFTEN TRST,,,1983,ELVIA AS,60.85247731697083,11.202989526225167
JESSHEIM OMFORMERSTASJON,81511,,1996,BANE NOR SF,60.14258830762703,11.152149596219495
SANDVIKSKOLLEN,80687,,1970,SKAGERAK KRAFT AS,59.18178392273431,8.446856391811085
NESET,81522,,2018,LUSTER ENERGIVERK AS,61.48737007554437,7.003930803076798
CN PRESTNESET,,,2001,LOFOTKRAFT AS,68.098704559104,13.33940717915622
BN NAPPSHOLMEN,,,1998,LOFOTKRAFT AS,68.1379375320024,13.453393073109414
,,,,,58.95795824670924,5.723601994287085
HEGGENES TRST,,,2005,ELVIA AS,61.157495978261004,9.04798149000662
KVITUR_MU2,81053,,1986,ODDA ENERGI NETT AS,60.09226698219082,6.5498863794276305
HAGE TRSF.ST.,,,1984,ELVIA AS,61.1014952719061,10.473732186998474
,,,,,58.77871010720288,5.660318208057544
BH BISKOPSJORD,,,1987,LOFOTKRAFT AS,68.19752597873216,13.880943630408096
GRAVFOSS,81033,,1931,GLITRE ENERGI PRODUKSJON AS,59.93064321964792,9.947882704533916
LANGDALEN,,,,RØDØY-LURØY KRAFTVERK AS,66.51787890094295,13.007627358506095
,,,,,58.81545144053305,5.7343007401973844
,,,,,59.03177099788449,6.023329248788616
NEDRE SVULTINGEN,,,1964,SUNNFJORD ENERGI AS,61.15438784758757,5.350006515454139
,,,,,59.16566900372671,5.874883055004367
LOGSMYR,77686,,1960,TITANIA AS,58.30958346307972,6.412122188710565
LØDINGEN TRANSFORMATORSTASJON,,,1975,HÅLOGALAND KRAFT NETT AS,68.41790580606036,15.981707958249675
FLORØ,77668,,2014,LINJA AS,61.594867337567834,5.057972676199989
NESBYEN OMFORMERSTASJON,81024,,1960,BANE NOR SF,60.59637376577808,9.092236450094124
ÅSKÅRA,77558,,1969,LINJA AS,61.81166686569174,5.661531547964741
T_66_HAUGHOLT,77662,,1988,KRAGERØ ENERGI AS,58.92697720919192,9.340227706701475
KRÅKERØY SEKUNDÆRSTASJON,,,,NORGESNETT AS,59.20646373235996,10.936016737785854
ANGEDALEN,80633,,2000,LINJA AS,61.47078607735802,5.925563611181872
STAVNE OMFORMERSTASJON,81516,,1995,BANE NOR SF,63.41400679564247,10.383572294298904
,,,,ANDØY ENERGI NETT AS,69.15637108580157,16.089023908609743
FRAMRUSTE,77867,,2005,HAFSLUND ECO VANNKRAFT INNLANDET AS,61.94132103346645,7.8811997637528695
,,,,,58.89775631646203,6.121398799082141
,,,,,58.72113349230739,5.655706513873521
SARPSBORG OMFORMERSTASJON,81515,,1960,BANE NOR SF,59.24614930579288,11.165390573725045
MÆRINGEN-T,77487,,1963,GLITRE ENERGI NETT AS,60.674793488112044,6.57098353141213
FORDELINGSSTASJON,77505,,1974,LKAB NORGE AS,68.43373900698306,17.408279001389843
S2F GAMLEBYEN SEKUNDÆRSTASJON,,,,NORGESNETT AS,59.20388949602104,10.962867367039122
TRAFO VEST,,,2002,ELVIA AS,60.73602375202266,10.605936753701668
MØKKELAND TRANSFORMATORSTASJON,,,1981,HÅLOGALAND KRAFT NETT AS,68.80912392529187,16.43814516486064
HERADSBYGD TRST,,,1966,ELVIA AS,60.829454466869905,11.602785000917553
TØRKEANLEGG,77602,,1960,TITANIA AS,58.32481693199614,6.358594937574254
VRENGA,79854,,2011,GLITRE ENERGI NETT AS,59.86289132964158,9.384603687477066
AN VÅGATUN,,,1989,LOFOTKRAFT AS,68.242149840923,14.577172512150653
,,,,,58.96618649229618,5.734882549918091
SKRIMSDALEN,80688,,1992,SKAGERAK KRAFT AS,59.1776608203333,7.902714982949484
MÆL,80594,,2015,TINN ENERGI OG FIBER AS,59.92222096770591,8.781237292920018
KOLLTVEIT,77736,,,VEST-TELEMARK KRAFTLAG AS,59.43606833281316,8.57048095799525
,,,,,58.668871062993496,5.644314728518545
HOMMERSTAD TRST,,,1983,ELVIA AS,60.808496696065845,11.333095740676018
VESTBYEN TRSF.ST.,,,1983,ELVIA AS,60.7984111832561,11.060974436689266
KVITUR_MU1,81054,,1986,ODDA ENERGI NETT AS,60.09176415820648,6.549780472448711
GÅSVANN,80547,,1978,HÅLOGALAND KRAFT NETT AS,68.76589100654492,16.324604001297836
SETERSBERG T132KV,85337,,2019,GLITRE ENERGI NETT AS,59.899500140390586,9.888635788211053
IGELAND TRANSFORMATORSTASJON,,,1986,HÅLOGALAND KRAFT NETT AS,68.80370571001467,17.20539488369032
,,,,,58.96787763327768,5.752955305038298
BK GRAVDAL SYKEHUS,,,1964,LOFOTKRAFT AS,68.11996399976212,13.536486559450418
,,,,,58.911473116591914,5.8382923369596424
N01-HVS2,77894,,2016,BULK INFRASTRUCTURE HOLDING AS,58.25664267914195,7.89020782834027
TOLLBODEN KOBLINGSSTASJON,,,,AGDER ENERGI NETT AS,58.14325389910002,7.993391193264616
EINARSDALEN TRANSFORMATORSTASJON,81031,,2018,FOSEN VIND DA,64.14820974066163,10.305003407157558
HARAHEIA TRANSFORMATORSTASJON,81032,,2018,FOSEN VIND DA,64.14750983895566,10.41098528423321
AO HANKAMMEN,,,1971,LOFOTKRAFT AS,68.1575784246796,14.209609371672183
STAULVIK,,,,RØDØY-LURØY KRAFTVERK AS,66.38876710023683,12.826858939371784
NIINGEN,80558,,1954,HÅLOGALAND KRAFT NETT AS,68.53700300658687,17.02819700165318
FALL TRSF.ST.,,,2005,ELVIA AS,60.64899575929026,10.362678744688992
ROLLAG-L1-T,81022,,1976,GLITRE ENERGI NETT AS,59.9846021808066,9.304839872318388
,,,,,58.95367914225967,5.672933085765432
MEDKILA TRANSFORMATORSTASJON,,,1980,HÅLOGALAND KRAFT NETT AS,68.77103729308588,16.545471920003727
TANGEN TRST,,,,ELVIA AS,60.62552823046203,11.293141926861555
SKOLLENBORG,77687,,1979,GLITRE ENERGI NETT AS,59.619137808951926,9.66810512537826
BORREGAARD 1,80662,,1973,BORREGAARD AS,59.27207027663761,11.116066600426553
AV RØRVIK,,,1986,LOFOTKRAFT AS,68.20578368830327,14.237835334129933
T_HOPSEIDET (M138),83559,,1958,NORDKYN KRAFTLAG SA,70.80382440247723,27.67961021428513
,,,,,58.78564594749712,5.737506894644282
,,,,,58.84403281117888,5.720298449689599
CL FINNBYEN,,,1987,LOFOTKRAFT AS,68.07378734291319,13.203906267319182
,,,,,58.773033885253625,5.85194911597645
,,,,,59.21440113024742,6.1213400654239685
LANGFJORD,80079,,1945,LINEA AS,65.37536094932405,12.700930343418962
LØPET KRV,,,,ELVIA AS,61.163794750278065,11.456849260626722
,,47,2019,MARKER VINDPARK AS,59.48657926061675,11.721601366972227
Litj-Hena transformatorstasjon,,132,2013,LITJ-HENA KRAFTVERK AS,63.05043999947123,11.484400000385179
null,,50,,ELKEM ASA,58.12837041916921,7.970957010144016
null,,110,,ELKEM ASA,58.12830884908525,7.970953340274727
null,,110,,ELKEM ASA,58.128190729518664,7.970947269127205
KLEVEN,,300,2000,ERAMET NORWAY AS AVD KVINESDAL,58.2788799988459,6.8901899994367275
,,132,,ELMEA AS,68.22507892973934,14.531991938026934
,,132,,ELMEA AS,68.32715728162225,14.654106039093781
,,132,,ELMEA AS,68.26234263937236,14.281954396539318
,,132,,ELMEA AS,68.1491678066282,13.637695036310692
,,33,,ELMEA AS,67.65751751224384,12.719112432499823
,,132,,ELMEA AS,68.0059456257928,13.161797143930064
,,,,EQUINOR ASA,59.2782059988095,5.505395999767888
,,,,EQUINOR ASA,59.27345999917263,5.550749999935507
,,,,EQUINOR ASA,59.273792233859226,5.5519986851141825
,,,,EQUINOR ASA,60.55039999879382,4.842549999705945
,,,,EQUINOR ASA,60.55359399900006,4.846625000646562
,,,,EQUINOR ASA,60.5524619996485,4.846474000643959
,,,,EQUINOR ASA,60.550452999280196,4.840734000048202
,,,,EQUINOR ASA,60.54975199951678,4.840797000042267
,,,,EQUINOR ASA,70.69054253155686,23.59427111398944
,,,,EQUINOR ASA,70.68384558417989,23.592098950583
,,,,EQUINOR ASA,60.80201110420221,5.025301896044083
,,,,EQUINOR ASA,60.80824994925281,5.037457888711468
,,,,EQUINOR ASA,60.62461999886993,4.852750000689335
,,,,EQUINOR ASA,63.41211999926254,8.699430000167137
Sekundærstasjon,,50,,STAVANGER STEEL AS,59.02081619746642,6.035242456032751
,,132,,TENSIO TN AS,64.70287078018873,12.833706461155973
,,132,,TENSIO TN AS,64.54371822662536,12.454827137121432
,,132,,TENSIO TN AS,64.60945725934161,12.57816843600162
,,132,,TENSIO TN AS,63.477393616104564,10.888371704871954
,,66,,TENSIO TN AS,64.69389983540168,13.638238720311813
,,66,,TENSIO TN AS,63.682961545062824,10.5854311510754
,,66,,TENSIO TN AS,64.88588486202185,11.266578380521306
,,66,,TENSIO TN AS,63.98644625872209,11.101702828599128
,,66,,TENSIO TN AS,63.769169483914844,11.684899877572644
,,66,,TENSIO TN AS,65.03672939952698,12.184921011245649
,,132,,TENSIO TN AS,63.46624844549334,10.942020224000798
,,66,,TENSIO TN AS,64.64772078561259,13.141344607191634
,,66,,TENSIO TN AS,64.80923428967863,11.464304762461243
,,66,,TENSIO TN AS,64.8051403789238,11.872210488178014
,,66,,TENSIO TN AS,64.90260361895034,11.717240308659743
,,66,,TENSIO TN AS,64.46633555452962,13.602631985986664
,,66,,TENSIO TN AS,64.5944790325136,12.25744890518018
,,66,,TENSIO TN AS,63.74423796634774,11.344776072681281
,,66,,TENSIO TN AS,63.60224070507518,10.843174555833492
,,66,,TENSIO TN AS,64.10806681779621,11.560300690043979
,,66,,TENSIO TN AS,64.08226523230152,11.222501088891109
,,66,,TENSIO TN AS,63.44872005497354,11.003502047371033
,,66,,TENSIO TN AS,63.48877647325417,10.908782736405085
,,66,,TENSIO TN AS,63.73996763399231,11.291698063291317
,,66,,TENSIO TN AS,63.68207252796229,11.180801022444486
,,66,,TENSIO TN AS,63.608548588840385,11.05204102433732
,,66,,TENSIO TN AS,63.96167336883668,11.46505366459226
,,66,,TENSIO TN AS,63.7838269101163,11.462904028741134
,,66,,TENSIO TN AS,63.7919379970635,11.490457017901921
,,66,,TENSIO TN AS,64.49853285141253,10.919403285049107
,,66,,TENSIO TN AS,64.67276328532567,11.302894967951746
,,66,,TENSIO TN AS,64.50737271460022,12.018365899628188
,,66,,TENSIO TN AS,64.4759310427732,11.50364728181004
,,66,,TENSIO TN AS,64.47295613934311,11.56501321358915
,,66,,TENSIO TN AS,64.26319579115071,12.281920771583193
,,66,,TENSIO TN AS,64.30567459415762,11.22388272841516
,,66,,TENSIO TN AS,64.02574013009972,11.498790782669616
,,66,,TENSIO TN AS,64.00961712363498,11.49656247682043
,,66,,TENSIO TN AS,63.862620276783574,11.403511191552088
,,66,,HALLINGDAL KRAFTNETT AS,60.606178900529464,9.067701106863918
,,66,,HALLINGDAL KRAFTNETT AS,60.502917978297155,7.8624820967710285
,,66,,HALLINGDAL KRAFTNETT AS,60.57704266473183,8.42212040657411
,,66,,HALLINGDAL KRAFTNETT AS,60.65057524513324,8.61390502703336
,,66,,HALLINGDAL KRAFTNETT AS,60.70401551491025,8.93424127703467
,,66,,HALLINGDAL KRAFTNETT AS,60.70328071828075,8.995074065041813
,,66,,HALLINGDAL KRAFTNETT AS,60.57402195082412,9.10380488686218
,,66,,HALLINGDAL KRAFTNETT AS,60.53400788693746,8.221992006375347
Frøya,,66,2020,ANEO VIND AS,63.68798172247297,8.660203111720415
Ytre Vikna,,66,2012,ANEO VIND AS,64.89986117095073,10.903387642448003
Valsnesset,,22,2006,ANEO VIND AS,63.81948071868763,9.631176308116382
Sørmarkfjellet transformatorstasjon,,132,2021,ANEO VIND AS,64.39106696040476,10.73104503326823
Stokkfjellet transformatorstasjon,,132,2021,ANEO VIND AS,63.129212823939106,11.191111700403079
Einarsdalen transformatorstasjon,,132,2018,ANEO VIND AS,64.1488348140289,10.30680152490625
Haraheia transformatorstasjon,,132,2018,ANEO VIND AS,64.14800900089082,10.411315778547868
Bessaker transformatorstasjon,,66,2007,ANEO VIND AS,64.21993322333944,10.40006406725601
Hundhammerfjellet transformatorstasjon,,66,1998,ANEO VIND AS,64.75531574432668,11.341648147026216
"TS132 (T01, T02, T03)",,132,1997,OMYA HUSTADMARMOR AS,62.85061001958077,7.122249583063385
T1_ÅMDAL,,66,1993,SKAFSÅ KRAFTVERK ANS,59.36356980422271,8.052246951771702
T1_OSEN,,66,2001,SKAFSÅ KRAFTVERK ANS,59.3561944520637,8.177025094430741
,,66,,VESTALL AS,68.9069568919494,15.160630679887579
,,66,,VESTALL AS,68.61733885153816,14.49491307654151
,,66,,VESTALL AS,68.7200271888121,14.66351378340219
,,66,,VESTALL AS,68.7107572341728,15.442320715591052
,,66,,TENSIO TS AS,63.24534942145023,10.169328025012629
,,66,,TENSIO TS AS,63.430885099334176,10.378873567398365
,,66,,TENSIO TS AS,63.14860156834259,10.316458598366276
,,132,,TENSIO TS AS,63.891480178355906,10.2201628996788
,,132,,TENSIO TS AS,62.80236408565958,10.012787754973834
,,132,,TENSIO TS AS,63.19296352283749,10.952350811918434
,,132,,TENSIO TS AS,63.21519672664667,11.03745184885959
,,66,,TENSIO TS AS,63.380104928191344,10.351807125306106
,,66,,TENSIO TS AS,63.516774638112075,9.110562761397015
,,132,,TENSIO TS AS,63.164531096082854,11.231294164897335
,,66,,TENSIO TS AS,63.300965303043775,10.483985118374383
,,66,,TENSIO TS AS,63.32203047412151,10.436473146823777
,,66,,TENSIO TS AS,63.35193829547753,10.390339438704862
,,66,,TENSIO TS AS,63.44810783728419,10.444030304482768
,,66,,TENSIO TS AS,63.4323421581085,10.461445726827673
,,66,,TENSIO TS AS,63.42269076537805,10.530286139440147
,,66,,TENSIO TS AS,63.410677499320045,10.482511214951352
,,66,,TENSIO TS AS,63.36686982781254,10.187625759896251
,,66,,TENSIO TS AS,63.36218688991309,10.341910807787906
,,66,,TENSIO TS AS,63.43327492390693,10.4081647221224
,,66,,TENSIO TS AS,63.434581394958705,10.423901282059852
,,66,,TENSIO TS AS,63.373187620746336,10.406406334300627
,,66,,TENSIO TS AS,63.42023699364652,10.397854952252548
,,66,,TENSIO TS AS,63.41123474289154,10.437113477508653
,,66,,TENSIO TS AS,63.39082434638163,10.404600503143309
,,66,,TENSIO TS AS,63.40597416065641,10.352128766569074
,,66,,TENSIO TS AS,63.70258568850755,8.808363667986642
,,66,,TENSIO TS AS,64.17866200105492,10.402195302586469
,,66,,TENSIO TS AS,63.758793954626974,9.775462632812332
,,132,,TENSIO TS AS,63.305184350686844,9.14939453597201
,,66,,TENSIO TS AS,63.287404034815374,9.85215059242874
,,66,,TENSIO TS AS,63.309912216849696,9.822720182513844
,,132,,TENSIO TS AS,63.03107792813405,11.687957194557454
,,132,,TENSIO TS AS,63.39335032585541,10.788690317222395
,,66,,TENSIO TS AS,62.583186820028715,9.675543252280779
,,66,,TENSIO TS AS,63.15300131048375,10.296146999115171
,,66,,TENSIO TS AS,63.30651518716048,10.165380131501177
,,66,,TENSIO TS AS,62.96680243757633,10.248111592295617
,,132,,TENSIO TS AS,63.966670316507,10.201997792151378
,,66,,TENSIO TS AS,63.71156487356438,9.6718580540001
,,132,,TENSIO TS AS,63.397038065972964,10.668091586040987
,,66,,TENSIO TS AS,63.60389108901629,10.108470006423016
,,132,,TENSIO TS AS,63.62648900462165,9.71206176394432
,,66,,TENSIO TS AS,63.28417948135514,10.262513575119717
,,66,,TENSIO TS AS,63.12021457867999,9.697057911116326
,,66,,TENSIO TS AS,62.58274181303302,9.330738338987064
,,66,,TENSIO TS AS,62.71285210800138,10.051719188280932
,,66,,TENSIO TS AS,63.63443083698814,8.782111482675917
,,66,,TENSIO TS AS,62.59718168628978,9.678898771829246
,,66,,TENSIO TS AS,63.03171693433131,10.30039988867954
,,66,,TENSIO TS AS,63.0528754870287,9.69813734656982
,,66,,TENSIO TS AS,63.689764718598205,10.26461913909752
,,132,,TENSIO TS AS,63.40030640586229,9.517549564365744
,,66,,TENSIO TS AS,62.81179326845062,11.354882224260571
,,132,,TENSIO TS AS,63.573782445593274,8.958872320754457
,,66,,TENSIO TS AS,63.24509837649137,10.168954499193728
,,66,,TENSIO TS AS,63.491177807369354,9.161401699625126
,,132,,GLITRE NETT AS,58.582602416432216,7.809757348402439
,,110,,GLITRE NETT AS,58.087187506151714,7.769449028385525
,,110,,GLITRE NETT AS,58.338102736202046,7.040668455812066
,,110,,GLITRE NETT AS,58.68038780344056,7.477117161700356
,,110,,GLITRE NETT AS,58.27619807424222,6.852389563384026
,,50,,GLITRE NETT AS,58.14043414375843,7.9686994730876775
,,66,,GLITRE NETT AS,58.59615373588459,8.715691226633188
,,66,,GLITRE NETT AS,59.35071725956684,7.295680824443878
,,66,,GLITRE NETT AS,59.39572413093821,7.202067858910152
,,132,,GLITRE NETT AS,58.671655870147795,6.75484390226931
,,132,,GLITRE NETT AS,58.94916573773511,8.520024673842837
,,132,,GLITRE NETT AS,58.300679872267665,7.966459408488377
,,66,,GLITRE NETT AS,58.49853023649512,8.871982541606844
,,132,,GLITRE NETT AS,59.12421982825846,7.509981921817218
,,132,,GLITRE NETT AS,58.99513317864365,7.546703570436353
,,66,,GLITRE NETT AS,59.34623761104131,7.250353694482165
,,66,,GLITRE NETT AS,58.41371188636158,6.6656776167934595
,,132,,GLITRE NETT AS,58.54706269934057,8.183495632779662
,,110,,GLITRE NETT AS,58.16047818516842,6.7115549843432625
,,110,,GLITRE NETT AS,58.55435155281285,7.375196158128807
,,50,,GLITRE NETT AS,58.15384511761355,7.958472207966008
,,132,,GLITRE NETT AS,58.346690402461334,8.53467301590003
,,132,,GLITRE NETT AS,59.1176629236984,7.573402766876815
,,110,,GLITRE NETT AS,58.18215088127034,7.867035336378326
,,132,,GLITRE NETT AS,58.46782087180714,8.765127221369754
,,110,,GLITRE NETT AS,58.25932964024469,7.897209531105516
,,132,,GLITRE NETT AS,58.662955748749155,8.641474471187262
,,110,,GLITRE NETT AS,58.037541971540996,7.118071957810746
,,66,,GLITRE NETT AS,59.57627549679903,7.280361716950472
,,66,,GLITRE NETT AS,59.52098235612357,7.360463756020027
,,132,,GLITRE NETT AS,58.757011361045215,8.483358995389187
,,50,,GLITRE NETT AS,58.11178567288321,7.951362033138456
,,50,,GLITRE NETT AS,58.123796191434465,7.963687376419906
,,132,,GLITRE NETT AS,58.13655316442718,7.957318125162801
,,50,,GLITRE NETT AS,58.14717401061843,7.987753049485626
,,50,,GLITRE NETT AS,58.15166735372555,7.998488104324788
,,132,,GLITRE NETT AS,58.156356583115134,7.956029890730829
,,66,,GLITRE NETT AS,58.47321911876517,8.818856824219008
,,66,,GLITRE NETT AS,58.4655364373677,8.746800088382136
,,66,,GLITRE NETT AS,58.51096309073045,8.625562023401962
,,132,,GLITRE NETT AS,58.81505828925768,9.088407677858614
,,66,,GLITRE NETT AS,58.72298050403886,9.222445640405923
,,132,,GLITRE NETT AS,58.72792062627471,9.04726619464036
,,132,,GLITRE NETT AS,58.61854700766016,8.875840161509872
,,132,,GLITRE NETT AS,58.40161605430466,8.688255322322691
,,132,,GLITRE NETT AS,58.44459812489046,8.70002690430537
,,132,,GLITRE NETT AS,58.49704852870589,8.801243118772478
,,132,,GLITRE NETT AS,58.36869685354463,8.592116104704813
,,132,,GLITRE NETT AS,58.26233458842067,8.351326329679242
,,132,,GLITRE NETT AS,58.34179784671534,8.233043761161637
,,132,,GLITRE NETT AS,58.1621958487429,8.016862346190955
,,132,,GLITRE NETT AS,58.4184556363455,8.289060710158743
,,300,,GLITRE NETT AS,58.27942861899378,6.8921697209748185
,,66,,GLITRE NETT AS,58.25395664976621,7.9638963029767815
,,66,,GLITRE NETT AS,58.297975349274274,6.639312461563471
,,110,,GLITRE NETT AS,58.301119478236515,6.6740410369328025
,,110,,GLITRE NETT AS,58.10494986577553,6.690284612100657
,,110,,GLITRE NETT AS,58.09890904983923,6.837172838761626
,,110,,GLITRE NETT AS,58.15743595552515,7.087172794970727
,,110,,GLITRE NETT AS,58.089185799043,7.316677733972231
,,110,,GLITRE NETT AS,58.03457075631122,7.454877528313323
,,110,,GLITRE NETT AS,58.029072423081644,7.479995212268605
,,50,,GLITRE NETT AS,58.20767926703858,7.927952380812239
,,110,,GLITRE NETT AS,58.25656029776411,7.963055406751946
,,66,,GLITRE NETT AS,58.26140904802421,7.972938677333948
,,110,,GLITRE NETT AS,58.23734245419038,8.024237055880382
,,110,,GLITRE NETT AS,58.17802086953379,8.119650569806932
,,110,,GLITRE NETT AS,58.1397698331158,8.119041687359536
,,132,,GLITRE NETT AS,60.04943758557475,9.200473469299268
,,132,,GLITRE NETT AS,59.61896788571763,9.667773366904642
,,66,,GLITRE NETT AS,59.862867512087426,9.385056290675312
,,132,,GLITRE NETT AS,60.22720268361149,10.373430342944904
,,132,,GLITRE NETT AS,60.39368608330369,10.541686917370125
,,132,,GLITRE NETT AS,60.21154856215974,10.700104849707657
,,50,,GLITRE NETT AS,59.74408101809888,10.227013465540294
,,66,,GLITRE NETT AS,60.57791323902413,8.41002353090276
,,132,,GLITRE NETT AS,60.23891604273311,9.000251016516438
,,132,,GLITRE NETT AS,59.94578264846538,9.93508246918477
,,132,,GLITRE NETT AS,60.25470544149699,8.702988787392936
,,66,,GLITRE NETT AS,59.5983945829326,9.796827258915158
,,50,,GLITRE NETT AS,59.7179957220924,10.153182777331931
,,132,,GLITRE NETT AS,60.15257024234691,10.248230993994046
,,132,,GLITRE NETT AS,60.136434710302,10.313796883551898
,,66,,GLITRE NETT AS,59.67376317320232,9.640554745773398
,,66,,GLITRE NETT AS,59.70077298653598,9.612330524467927
,,50,,GLITRE NETT AS,59.75772640530612,10.131183286273382
,,50,,GLITRE NETT AS,59.72230089942898,10.260360076822673
,,50,,GLITRE NETT AS,59.7650577426136,10.07833401524009
,,50,,GLITRE NETT AS,59.7557033451032,9.995254079129236
,,132,,GLITRE NETT AS,59.655302273933074,10.573602092777353
,,50,,GLITRE NETT AS,59.72517384517964,10.2286716074961
,,132,,GLITRE NETT AS,60.18260843258763,10.236473800845312
,,66,,GLITRE NETT AS,59.6544055706983,9.653527295765613
,,66,,GLITRE NETT AS,59.612013039099985,9.687707929626383
,,132,,GLITRE NETT AS,60.39121860372701,9.53131155057726
,,132,,GLITRE NETT AS,59.758701321296705,10.457954960412005
,,132,,GLITRE NETT AS,59.55440892411696,10.563893898778593
,,132,,GLITRE NETT AS,59.751669230589435,10.33483961545583
,,66,,GLITRE NETT AS,59.89929601644618,9.888612806260157
,,132,,GLITRE NETT AS,60.08814539330405,10.096968522905067
,,132,,GLITRE NETT AS,59.83143169874055,10.297384197988322
,,132,,GLITRE NETT AS,59.79524027219738,10.252909673681037
,,132,,GLITRE NETT AS,60.23509834394129,9.932795086481615
,,50,,GLITRE NETT AS,59.743722930229815,10.190564501142266
,,132,,GLITRE NETT AS,60.22137188338129,9.598282683971012
,,132,,GLITRE NETT AS,59.98465891701691,9.304966175644843
,,132,,GLITRE NETT AS,59.744584957093515,10.016530128085677
,,50,,GLITRE NETT AS,59.73858818275449,10.174039453155592
,,66,,GLITRE NETT AS,59.76572011706541,9.897980618462022
,,66,,GLITRE NETT AS,59.840261510454646,9.891715259927121
,,132,,GLITRE NETT AS,59.749639840956384,10.192419330995799
,,132,,GLITRE NETT AS,59.744986626993324,10.113381365032874
,,66,,GLITRE NETT AS,59.48561582650537,10.007430916861331
Arna,,132,,BKK AS,60.39440510366464,5.455737199380357
Fana,,132,,BKK AS,60.28691764178342,5.343682016178705
Litlesotra,,132,,BKK AS,60.365002129309666,5.131461235161231
Kollsnes,,132,,BKK AS,60.550852668725305,4.844415919928975
Samnanger,,132,,BKK AS,60.398015921737475,5.840440568838517
Breivik,,45,1997,BKK AS,60.36756939205002,5.195541108989762
Fyllingsdalen,,132,1966,BKK AS,60.34760489834551,5.295163529832607
Os,,132,1939,BKK AS,60.19137882019813,5.4722638977871565
Hammersland,,132,2016,BKK AS,60.26206718964237,5.074982009724271
Sandøy,,132,,BKK AS,60.85708959830597,4.9982666379542
Midtbygda,,132,1972,BKK AS,60.465553020437255,5.338786468609591
Rå,,132,1967,BKK AS,60.28810392928426,5.320734700059133
Simonsvik,,132,1943,BKK AS,60.386250260905,5.2691793613017985
Storetveit,,132,1956,BKK AS,60.35081279385226,5.349923762469145
Helldal,,132,1920,BKK AS,60.32873204309402,5.3807724217848385
Loddefjord,,132,1972,BKK AS,60.36488854087807,5.235724565210284
Strømgaten,,132,1950,BKK AS,60.38952095272055,5.329908391821201
Koengen,,132,1965,BKK AS,60.40046263905752,5.321544941313061
Sandviken,,45,1927,BKK AS,60.41306940726922,5.327261350427306
Dolvik,,132,1981,BKK AS,60.302690961463945,5.268356658767059
Arnavågen,,132,1987,BKK AS,60.42854052807968,5.453526313019634
Dokken,,132,1982,BKK AS,60.38973868717577,5.313005377896689
Solheim,,132,1920,BKK AS,60.37293329065219,5.33919319780856
Hellen,,45,1958,BKK AS,60.42380265382099,5.307284972459509
Jordal,,132,1966,BKK AS,60.431362135589055,5.332956710432766
Ravneberget,,132,1954,BKK AS,60.372010803334,5.367796289430632
Eidsvåg,,45,1972,BKK AS,60.434809978213636,5.321430184234214
Tangeland,,45,1973,BKK AS,60.3953069518768,5.454563129515815
Ågotnes,,132,1986,BKK AS,60.40412240057254,4.99885342209679
Merkesvik,,132,1995,BKK AS,60.54914764496831,4.9836837424320475
Seim,,132,1973,BKK AS,60.61060127065497,5.2785535123075995
Padøy,,132,2009,BKK AS,60.66231139745479,5.59268550843293
Øystese,,132,,BKK AS,60.39335117946036,6.180688547874433
Norheimsund,,132,1986,BKK AS,60.371782641002596,6.101838677462784
Frøyset,,132,1976,BKK AS,60.87919519174251,5.187725905281242
Hylkje,,132,2015,BKK AS,60.50974765256783,5.34023685124868
Granvin,,50,1960,BKK AS,60.52934625797799,6.729412008327759
Meland,,132,1985,BKK AS,60.54615371862495,5.181947812398598
Skjold,,132,1993,BKK AS,60.307689242648024,5.3360110229744375
Kartveit,,132,1987,BKK AS,60.62508856563524,5.09432124901845
Salhusvegen,,132,,BKK AS,60.480288989981226,5.308265791502866
Osterøy,,132,1984,BKK AS,60.51743730203639,5.509572516947856
Haukeland,,45,1974,BKK AS,60.37865357956615,5.358963576518125
Ulven,,132,,BKK AS,60.21011698502667,5.447994515788124
Langedalen,,132,,BKK AS,60.41440237740052,5.456286805691029
Liland,,132,,BKK AS,60.283356102369154,5.247814545928464
Knarvik,,132,,BKK AS,60.553719682785825,5.280655222002832
Moskog,,132,,BKK AS,61.446196583710254,6.0137671115089475
Hålandsfossen,,132,1955,BKK AS,61.33038770094763,5.4127787276462875
Lutelandet,,132,,BKK AS,61.25763645626157,4.972578687743714
Sande,,132,1994,BKK AS,61.32706849920961,5.776347334906157
Nedre Svultingen,,66,1965,BKK AS,61.15447265120146,5.349967448319168
Høyanger,,66,,BKK AS,61.22044729319935,6.068373954787981
Vadheim,,66,1971,BKK AS,61.20922188499969,5.840368397028336
Naustdal,,66,1979,BKK AS,61.518524327693804,5.720472035317699
Førde,,66,1972,BKK AS,61.458068224892045,5.854232574345841
Tefre,,132,1979,BKK AS,61.461264488391784,5.896972724155512
Haukeland,,132,1966,BKK AS,60.582719224835316,5.815802274783677
,,66,,FAGNE AS,60.13289174029913,6.62808505820732
,,66,,FAGNE AS,59.687228742503,6.5201651003119645
,,300,,FAGNE AS,59.83184669245196,6.880923290583805
,,66,,FAGNE AS,59.663212200470255,6.064778772217357
,,300,,FAGNE AS,59.82228939372449,6.817500746439323
,,66,,FAGNE AS,60.091782579347715,6.5497565294802875
,,66,,FAGNE AS,60.092285702522844,6.549845483100798
,,66,,FAGNE AS,60.10187755291896,6.551523692051007
,,66,,FAGNE AS,60.09113390631458,6.536836651007795
,,66,,FAGNE AS,60.12226782755665,6.555863004558044
,,66,,FAGNE AS,60.12186074821977,6.557099165974879
,,66,,FAGNE AS,60.065732525474395,6.550237541193411
,,300,,FAGNE AS,60.129412456657825,6.631343390515003
,,66,,FAGNE AS,59.98547387535555,6.017019788793492
,,66,,FAGNE AS,59.66720137848523,6.409655142947411
,,66,,FAGNE AS,59.64807792540736,6.362967268468422
,,300,,FAGNE AS,59.86339116132873,6.00974858567116
,,300,,FAGNE AS,59.66795222292789,6.409353648986292
,,66,,FAGNE AS,60.28365405198954,6.2967341657773455
,,66,,FAGNE AS,59.41682417251732,5.271710993342002
,,300,,FAGNE AS,60.132578045631575,6.332752052575508
,,300,,FAGNE AS,59.32784638036464,6.603470737341927
,,300,,FAGNE AS,59.48419570464275,6.672583817736796
,,66,,FAGNE AS,59.38876169164237,6.453841660183181
,,66,,FAGNE AS,59.3989973486735,6.154011195290726
,,66,,FAGNE AS,59.45982614964693,6.423440012692317
,,66,,FAGNE AS,59.22843718062424,5.198695382444552
,,66,,FAGNE AS,59.31775878574344,5.314672221471068
,,66,,FAGNE AS,59.793347600907026,5.257886043442167
,,66,,FAGNE AS,59.84347127730068,5.993616943913527
,,300,,FAGNE AS,59.931047553299884,5.395307600316029
,,300,,FAGNE AS,59.88508576756235,5.509771411936942
,,66,,FAGNE AS,59.7661964929945,5.494046414308667
,,300,,FAGNE AS,59.317261319025,5.315225171064489
,,66,,FAGNE AS,60.030035436173044,5.297992973877238
,,66,,FAGNE AS,59.59905757969406,5.809244091754338
,,66,,FAGNE AS,59.93460029927463,5.337664167018143
,,66,,FAGNE AS,59.92879806986406,5.855438850430357
,,66,,FAGNE AS,60.19178773409818,5.764933562306912
,,66,,FAGNE AS,60.0383365744439,5.7359773957926965
,,66,,FAGNE AS,59.93323056035541,5.607673863881127
,,66,,FAGNE AS,60.19677010036501,5.615421497888297
,,66,,FAGNE AS,60.249887410278895,5.743968299719591
,,66,,FAGNE AS,59.70553873747127,5.247263630731441
,,66,,FAGNE AS,59.68032205935422,5.952666842986023
,,66,,FAGNE AS,59.85740028772172,6.014960263334516
,,66,,FAGNE AS,59.77711312903794,5.488105776024599
,,66,,FAGNE AS,59.78752369636839,5.41249259621254
,,66,,FAGNE AS,59.439575052332216,5.265964096739795
,,66,,FAGNE AS,59.39763887669264,5.296740625687495
,,66,,FAGNE AS,59.66350205109577,6.065596278634686
,,66,,FAGNE AS,59.55254938501529,5.40329456918643
,,66,,FAGNE AS,59.50382248129772,5.905212566176305
,,66,,FAGNE AS,59.485779930792965,5.725545940270358
,,66,,FAGNE AS,59.397306758441296,5.6655291219754655
,,66,,FAGNE AS,59.46527140595228,5.4655390569734505
,,66,,FAGNE AS,59.36900570512833,5.478152789210731
,,66,,FAGNE AS,59.38002317402517,5.3338899300685325
,,66,,FAGNE AS,59.36338563345228,5.275894155215853
,,66,,FAGNE AS,59.27074463395178,5.307191112835539
,,66,,FAGNE AS,59.2830308005737,5.282068424291039
,,66,,FAGNE AS,59.15414198577718,5.248559633116855
Transf delomr 2,,132,2017,TELLENES VINDPARK AS,58.333168777582074,6.466661785997816
Transf Åna-Sira,,300,2017,TELLENES VINDPARK AS,58.29570998105632,6.454207088897301
,,132,,ARVA AS,67.07429276277821,14.346607172133965
,,132,,ARVA AS,66.45988834053598,13.338912064397071
,,66,,ARVA AS,67.1300858139823,16.08448619028076
,,132,,ARVA AS,66.45454996100482,13.205300527128971
,,132,,ARVA AS,67.0896444272202,15.387475440235445
,,132,,ARVA AS,67.11974260906253,16.077459774530997
,,132,,ARVA AS,67.19428954074897,15.704176176240388
,,132,,ARVA AS,67.2711763583897,15.41916142334826
,,132,,ARVA AS,67.34048466169511,15.554175637587397
,,132,,ARVA AS,66.97137279796243,14.150512876773634
,,66,,ARVA AS,67.1322357428795,14.935886580502434
,,66,,ARVA AS,67.20510790491244,14.684157062177492
,,132,,ARVA AS,67.3196383505811,14.738485612970251
,,66,,ARVA AS,66.9346440738373,14.794278383444746
,,132,,ARVA AS,66.64597462034627,13.560983915961685
,,132,,ARVA AS,66.74899305748343,13.598617610460963
,,132,,ARVA AS,66.78720241723943,13.53272529354826
,,132,,ARVA AS,66.81750493273908,13.934523878429776
,,66,,ARVA AS,67.2942242119865,14.408498528324412
,,132,,ARVA AS,67.29418300677509,14.557036771031447
,,66,,ARVA AS,67.28404434761381,14.424212594514376
,,132,,ARVA AS,67.2838183659419,14.460893751920798
,,132,,ARVA AS,69.24959110248864,17.950097946177447
,,132,,ARVA AS,69.56843273103387,18.15566660280828
,,132,,ARVA AS,69.69965944311535,19.002362308038467
,,132,,ARVA AS,69.56890434288445,18.072041769495986
,,132,,ARVA AS,69.62328670844838,18.699837164995657
,,132,,ARVA AS,69.17839647944115,18.60145873171067
,,132,,ARVA AS,68.88429929340401,18.424312300546823
,,66,,ARVA AS,69.05647315364455,19.445928962964114
,,132,,ARVA AS,69.04377654146704,18.589684653652398
,,132,,ARVA AS,69.33780442676766,18.8840661311386
,,66,,ARVA AS,70.09552703395207,20.049958897906247
,,66,,ARVA AS,69.33701151586712,18.885175154843957
,,66,,ARVA AS,69.08704636583685,17.173578619417533
,,66,,ARVA AS,69.03543975483862,19.287396346222184
,,66,,ARVA AS,69.94461792018039,19.466580498461727
,,132,,ARVA AS,69.69822267101031,18.881974422965612
,,132,,ARVA AS,69.66392482723846,18.950619173085183
,,66,,ARVA AS,69.65300609827673,18.95251850468316
,,66,,ARVA AS,69.64531547741099,18.946476833292728
,,132,,ARVA AS,69.63952678811579,18.973365096673017
,,132,,ARVA AS,69.21012515523432,19.24332316575246
,,132,,ARVA AS,69.60299856806013,19.821380740402052
,,132,,ARVA AS,68.86344932391046,18.319949250853004
,,66,,ARVA AS,69.4044869263676,17.320770887055613
,,132,,ARVA AS,69.17479922581816,18.57905958320124
,,66,,ARVA AS,69.68745056857412,18.97887059513782
,,66,,ARVA AS,69.21183778134576,19.54748553685249
,,132,,ARVA AS,69.15863171550215,18.169993531489524
,,132,,ARVA AS,69.58929882665433,20.270978762917675
,,132,,ARVA AS,69.5440094280786,18.993625906107123
,,66,,ARVA AS,69.25844115549651,17.596009350213365
,,132,,ARVA AS,69.22140122844056,18.083634480972606
,,66,,ARVA AS,69.68290719689597,19.064734679816052
,,66,,ARVA AS,68.86612040761554,17.86638148007806
,,66,,LINJA AS,62.269403920259606,5.7800334363969466
,,132,,LINJA AS,62.35979026792989,6.022864325564744
,,132,,LINJA AS,62.47778138800199,6.244953350566857
,,132,,LINJA AS,62.18096124205926,6.101657380856597
,,132,,LINJA AS,62.37436528647537,6.635525076352964
,,66,,LINJA AS,62.10875214218945,6.559586682307132
,,66,,LINJA AS,62.27786545056514,5.810535072877285
,,132,,LINJA AS,62.16352705162875,6.220028395686847
,,132,,LINJA AS,62.3180425563885,6.932222965586372
,,66,,LINJA AS,62.15371552925368,6.330207040435495
,,66,,LINJA AS,62.0187676659427,5.847145850245234
,,66,,LINJA AS,62.22082137882273,5.6965993876628405
,,66,,LINJA AS,62.14597280802153,6.085080511216254
,,66,,LINJA AS,62.25385008992403,5.916262767342104
,,66,,LINJA AS,62.24948512404855,5.967157415026759
,,132,,LINJA AS,62.263160473217845,5.848488019118894
,,66,,LINJA AS,62.337722642045456,5.656960151164255
,,66,,LINJA AS,62.24989938088047,5.969530733831013
,,66,,LINJA AS,62.04134175213719,5.520999410487627
,,66,,LINJA AS,62.143016141384045,6.128746901077767
,,66,,LINJA AS,62.339080465842095,5.858084096878337
,,132,,LINJA AS,62.22707048417963,7.422513052011102
,,132,,LINJA AS,62.47233435675766,6.164415291353659
,,132,,LINJA AS,62.43343889641512,6.2399880097590215
,,132,,LINJA AS,62.472293733210144,6.367617495446858
,,132,,LINJA AS,62.57345653857595,7.102180319841081
,,132,,LINJA AS,62.47490071190359,6.863714867244549
,,132,,LINJA AS,62.598654388105956,6.387869923574133
,,132,,LINJA AS,61.81164878565889,5.660854074636398
,,66,,LINJA AS,61.84212764194096,5.801669083101616
,,132,,LINJA AS,61.34705732096726,6.555840490764502
,,132,,LINJA AS,61.47045248203385,5.9269274933934675
,,300,,LINJA AS,61.504688886018116,7.70036646106052
,,132,,LINJA AS,61.935516148329114,5.503085126956761
,,66,,LINJA AS,61.61481467473419,5.678234590568118
,,132,,LINJA AS,61.66682877165321,5.1926391951461905
,,132,,LINJA AS,61.215907152594575,6.7548142957228565
,,420,,LINJA AS,61.21873652354179,7.02273986606767
,,420,,LINJA AS,61.24383152834441,6.14897012214088
,,132,,LINJA AS,61.843989260819356,5.789758210834985
,,132,,LINJA AS,61.82879839122048,5.548252298703955
,,132,,LINJA AS,61.594826138087235,5.0579113309863475
,,132,,LINJA AS,61.95444605911285,5.479529546242778
,,66,,LINJA AS,61.460044308183946,5.3196253633901
,,132,,LINJA AS,61.52279875679764,6.385212877987621
,,132,,LINJA AS,61.23592188343463,7.711624841817895
,,132,,LINJA AS,61.31340191491119,7.828629913883396
,,66,,LINJA AS,61.834534112588784,6.640937458857009
,,66,,LINJA AS,61.60322585806606,5.136170965831911
,,132,,LINJA AS,61.61462650100854,5.312646626536795
,,66,,LINJA AS,61.35768656148223,5.112630358134006
,,66,,LINJA AS,61.881040902485935,5.336581013496339
,,132,,LINJA AS,61.22052782358385,6.069221871979348
,,132,,LINJA AS,61.446289945073254,6.013881077547441
,,132,,LINJA AS,61.57662242501296,6.481813949476091
,,66,,LINJA AS,61.925916273266054,5.1493015400589215
,,132,,LINJA AS,61.77150693801106,5.30284061038379
,,66,,LINJA AS,61.98967770848239,6.548593895712064
,,132,,LINJA AS,61.93307757395266,6.125496921543462
,,132,,LINJA AS,61.73728648121597,6.421047038976227
,,66,,LINJA AS,61.7628408224502,6.214902773164313
,,66,,LINJA AS,61.90869645059326,6.003720204252443
,,66,,LINJA AS,61.910274642980546,6.7375117407324305
AAMOT,,66,1920,TELEMARK NETT AS,59.5726131994203,7.9950125706959625
SELJORD TRAFOSTASJON,,66,1920,TELEMARK NETT AS,59.471308629572995,8.593520649175968
AAMDAL,,66,1920,TELEMARK NETT AS,59.36358586933103,8.052261230446044
KVITESEID TRAFOSTASJON,,66,1920,TELEMARK NETT AS,59.42732004943314,8.440751859521741
LIO,,66,1920,TELEMARK NETT AS,59.46276790917881,7.939387889693647
EIKA TRAFOSTASJON,,66,1920,TELEMARK NETT AS,59.385017979211426,9.040495999938615
Libru transformatorstasjon,,66,1985,RK NETT AS,59.690602250664895,8.066037784416272
Stokmarknes Transformatorstasjon,,132,2021,NORANETT HADSEL AS,68.55275359920446,14.989691099417843
Melbu transformatorstasjon,,132,1968,NORANETT HADSEL AS,68.51065459965184,14.851876300138306
,,66,,FJELLNETT AS,61.84498113831027,8.575030606501352
,,66,,FJELLNETT AS,61.8460396744898,8.9611398441844
,,66,,FJELLNETT AS,61.76196591996611,9.536722168359892
,,66,,FJELLNETT AS,61.87798102848957,9.103532134671932
,,66,,FJELLNETT AS,62.121849817734244,8.710328453066975
,,66,,FJELLNETT AS,62.06151494293736,9.10916559656507
,,66,,FJELLNETT AS,61.78281814695099,9.541873599701908
,,66,,FJELLNETT AS,61.80359707675443,9.303805278414778
,,132,,FJELLNETT AS,61.92046869725199,8.090217306991782
,,132,,FJELLNETT AS,61.89922258695461,8.22739255744585
Havøygavlen,,66,2002,ARCTIC WIND AS,71.01256199938663,24.594526000051314
Hamnefjell,,132,2016,HAMNEFJELL VINDKRAFT AS,70.66046999910304,29.708949999014134
,,66,,ALUT AS,69.93013715955881,22.0553931107359
,,132,,ALUT AS,69.95230055679644,23.373925359088396
,,132,,ALUT AS,69.94137981819128,23.229213542382386
,,132,,ALUT AS,69.96635781574099,23.28499205352345
,,66,,ALUT AS,70.22791080423508,22.37510033981938
,,66,,ALUT AS,70.10380713039459,22.534692064199312
,,66,,KYSTNETT AS,68.22356450663953,16.07865453464233
,,66,,KYSTNETT AS,67.63831286302883,15.979508243272122
,,66,,KYSTNETT AS,68.098168758651,16.370456408790254
,,66,,KYSTNETT AS,67.8458905874481,15.166756665517234
,,66,,KYSTNETT AS,67.83291588746567,15.99303221818312
,,66,,KYSTNETT AS,67.90695771383442,15.85695110472889
,,66,,KYSTNETT AS,68.04454369684917,15.752834986831436
,,66,,KYSTNETT AS,68.11452869502106,15.871814057474934
,,66,,KYSTNETT AS,68.03191751453924,15.992922644479465
,,66,,KYSTNETT AS,67.76456298226864,15.15309941403785
,,,,INDRE HORDALAND KRAFTNETT AS,60.46903250518102,6.843698639043054
,,,,INDRE HORDALAND KRAFTNETT AS,60.457571074522285,7.081951161491419
,,,,INDRE HORDALAND KRAFTNETT AS,60.34126720402446,6.402271687087617
SISO kraftverk,,132,1968,SISO ENERGI AS,67.3239684817222,15.71816842948407
Lakshola kraftverk,,132,1999,SISO ENERGI AS,67.44885373888839,15.744944784411844
,,,,S-NETT AS,63.12011046597973,8.320065603289018
,,,,S-NETT AS,62.975156968067736,8.765725298767867
,,50,,ENIDA AS,58.38651867385934,6.093879933145109
,,50,,ENIDA AS,58.44277716276555,6.032787479360581
,,50,,ENIDA AS,58.47885580140974,6.028206175349322
,,60,,ENIDA AS,58.36252208627631,6.335064707555533
,,60,,ENIDA AS,58.46475883539411,6.347319702765182
,,60,,ENIDA AS,58.465284192278084,6.5439437098242745
,,50,,ENIDA AS,58.59345528843638,6.077298234834555
,,50,,ENIDA AS,58.439003072005036,5.9946334435343305
,,50,,ENIDA AS,58.43348901745151,5.982759099555897
,,50,,ENIDA AS,58.46971082550821,6.026326415020455
,,300,,Aktieselskabet Saudefaldene,59.644397626237605,6.3786477369059735
,,300,,Aktieselskabet Saudefaldene,59.667897622629376,6.410509573057501
,,66,,Aktieselskabet Saudefaldene,59.64806684223401,6.362980359256447
,,132,,LINEA AS,66.3456429134993,14.360359624430224
,,132,,LINEA AS,65.88766324837476,13.801790246232597
,,132,,LINEA AS,65.32409016560891,12.97764987032084
,,132,,LINEA AS,65.39480370948253,12.527151452382205
,,66,,LINEA AS,66.05229154488539,13.337797249820225
,,132,,LINEA AS,66.05328737335275,13.781998879887839
,,132,,LINEA AS,65.2628461250006,12.763409843431159
,,132,,LINEA AS,65.851351169558,13.198161569998598
,,132,,LINEA AS,66.07967696438209,13.064482742093043
,,132,,LINEA AS,65.51968351524161,12.275936321904473
,,132,,LINEA AS,66.19720685994307,13.03915850100108
,,132,,LINEA AS,66.18863191951408,13.79666702503117
,,132,,LINEA AS,65.96479454985122,12.559035867754597
,,66,,LINEA AS,65.37254244878102,12.247340739105987
,,66,,LINEA AS,65.94935646999936,13.16775250527617
,,66,,LINEA AS,66.06979777035701,12.84506953739455
,,66,,LUCERNA AS,70.59912368085809,22.320683381352318
,,132,,LUCERNA AS,70.6804987165993,23.725636297329668
,,132,,LUCERNA AS,70.48781476124834,23.970000327103506
,,66,,LUCERNA AS,70.66562840941847,22.983300355884648
,,132,,LUCERNA AS,70.65767601180778,23.713684971172945
,,,,MIDTNETT AS,59.965829995739284,9.982355113471542
,,,,MIDTNETT AS,60.151824117432476,9.433597804139577
,,,,MIDTNETT AS,60.0420127514316,9.671515011805113
KAUTOKEINO,,66,1966,VISSI AS,69.00304692745217,23.02773310921611
HAMNEIDET,,66,1969,VISSI AS,69.91072712938161,20.959308443964364
REISAVANN,,66,1968,VISSI AS,69.22018705986076,22.44263981188274
KILDAL,,66,1966,VISSI AS,69.6674672161228,21.107441893514626
STORSLETT,,66,1972,VISSI AS,69.76508847995673,21.016888396547884
SKJERVØY,,66,1996,VISSI AS,70.01707149315031,20.972168293896225
Orkdal,,,,STATNETT SF,63.246074543483026,9.802926587128072
Nea,,,,STATNETT SF,63.03010221048452,11.686572301164476
Aura,,,,STATNETT SF,62.664140836633166,8.52357968498045
Viklandet,,,,STATNETT SF,62.68888195201076,8.497918096769004
Brandhol,,,,STATNETT SF,62.79366284194093,8.146705406534323
Fræna,,,,STATNETT SF,62.85914644930167,7.111159750853125
Osbu,,,,STATNETT SF,62.50827600898507,8.47012547235101
Grytten,,,,STATNETT SF,62.521200326334935,7.758074879630208
Ørskog,,,,STATNETT SF,62.473139558573756,6.865554366888013
Istad,,,,STATNETT SF,62.80870085358057,7.703245955122482
Ranes,,,,STATNETT SF,62.97303073337494,8.764720882351737
Trollheim,,,,STATNETT SF,63.006522113308186,9.020239948187411
Vågåmo,,,,STATNETT SF,61.88124436435195,9.081767748053462
Øvre Vinstra,,,,STATNETT SF,61.48299596651538,9.31376077044569
Fåberg,,,,STATNETT SF,61.13837326021128,10.421884530874197
Balbergskaret,,,,STATNETT SF,61.163808997353975,10.448179504236819
Rendalen,,,,STATNETT SF,61.81276404606443,11.122453035407371
Vang,,,,STATNETT SF,60.83575805658488,11.267279292120397
Vardal,,,,STATNETT SF,60.802021235821336,10.564888176309438
Nedre Vinstra,,,,STATNETT SF,61.5778039410218,9.804926814889036
Borgund,,,,STATNETT SF,61.05929309976265,7.81838596550677
Øljusjøen,,,,STATNETT SF,61.003943342414374,8.084385370939998
Fortun,,,,STATNETT SF,61.505698876796906,7.701380412658039
Fonndøla,,,,STATNETT SF,61.437279857658396,7.246119569260648
Hove,,,,STATNETT SF,61.06980961364757,6.595460159781799
Refsdal,,,,STATNETT SF,61.020904814462426,6.569348788071029
Sima,,,,STATNETT SF,60.498993375527746,7.145319050086964
Mauranger,,,,STATNETT SF,60.13204589273097,6.330313190036659
Åsen,,,,STATNETT SF,60.129078956966914,6.630423336869738
Blåfalli,,,,STATNETT SF,59.86340233372589,6.009754566512007
Røldal,,,,STATNETT SF,59.82133879944846,6.816590919320403
Nesflaten,,,,STATNETT SF,59.65000244134043,6.81535655405355
Kvanndal,,,,STATNETT SF,59.658207307246464,6.9839779105562485
Kvilldal,,,,STATNETT SF,59.52873769261614,6.6541977614788586
Hylen,,,,STATNETT SF,59.56005480704432,6.602700184730499
Sauda,,,,STATNETT SF,59.66835428345061,6.409903434013023
Håvik,,,,STATNETT SF,59.317273982642675,5.315518894554475
Kårstø,,,,STATNETT SF,59.27822296910875,5.505494436850843
Saurdal,,,,STATNETT SF,59.48451080205215,6.672311848898617
Førre,,,,STATNETT SF,59.32753578414808,6.603820853058482
Lyse,,,,STATNETT SF,59.0609046012216,6.665087473118964
Samnanger,,,,STATNETT SF,60.39779505056462,5.840817222424526
Feda,,,,STATNETT SF,58.282728983381936,6.859476230169325
Kristiansand,,,,STATNETT SF,58.259945167964645,7.8984419779279955
Lista,,,,STATNETT SF,58.07715118931278,6.775395710681296
Brokke,,,,STATNETT SF,59.123166131136365,7.510497690594326
Holen,,,,STATNETT SF,59.3462223141406,7.249296654084634
Lio,,,,STATNETT SF,59.46326075886191,7.938437266746529
Tokke,,,,STATNETT SF,59.4477205368811,8.035462981146509
Vinje,,,,STATNETT SF,59.624668533830636,7.851879179645363
Kjela,,,,STATNETT SF,59.736892796203264,7.443422365370203
Songa,,,,STATNETT SF,59.77400195494169,7.725386645116762
Vemorktoppen,,,,STATNETT SF,59.86553263424857,8.49352515330467
Rjukan,,,,STATNETT SF,59.882563048214294,8.677868442678172
Mår,,,,STATNETT SF,59.88402214971073,8.677864831309963
Rød,,,,STATNETT SF,59.272877551747264,9.544284802177907
Porsgrunn,,,,STATNETT SF,59.115464062769625,9.672913937509724
Tveiten,,,,STATNETT SF,59.32977620275053,10.381214232783394
Ulven,,,,STATNETT SF,59.92191237506248,10.811170471506726
Sogn,,,,STATNETT SF,59.95770117585586,10.720672602563093
Smestad,,,,STATNETT SF,59.93494129397492,10.66767113400373
Furuset,,,,STATNETT SF,59.94416641549855,10.883705916763459
Bærum,,,,STATNETT SF,59.92674959375255,10.557875743461704
Hamang,,,,STATNETT SF,59.89685206890825,10.498511001477969
Sylling,,,,STATNETT SF,59.86749458195046,10.214758094412566
Flesaker,,,,STATNETT SF,59.71999496478027,9.844336072308698
Hof,,,,STATNETT SF,59.5761316418202,10.105669697906594
Dagali,,,,STATNETT SF,60.43754538748997,8.57716979799794
Nore,,,,STATNETT SF,60.266735307406506,8.962027235772382
Ringerike,,,,STATNETT SF,60.16839168694178,10.204696998422605
Ådal,,,,STATNETT SF,60.24858312457413,10.147083160186396
Roa,,,,STATNETT SF,60.31164819857487,10.639182328002137
Hadeland,,,,STATNETT SF,60.288576330942576,10.576980949336205
Nesbyen,,,,STATNETT SF,60.60608483923629,9.06989593808109
Boris Gleb,,,,STATNETT SF,69.65140814025771,30.148068718315987
Moskog,,,,STATNETT SF,61.44562875661882,6.016001342157958
Sykkylven,,,,STATNETT SF,62.375449169366945,6.636105525234994
Ørsta,,,,STATNETT SF,62.15724497100848,6.260062457511067
Ålfoten,,,,STATNETT SF,61.82885971909765,5.5488066910014755
Høyanger,,,,STATNETT SF,61.2442706937049,6.151648331818949
Sogndal,,,,STATNETT SF,61.21842528183885,7.021815549218685
Reservekraftverk Tjeldbergodden,,,,STATNETT SF,63.409277457021425,8.68593312573245
Kvarenes,,,,STATNETT SF,58.12900523030599,8.167488780034512
Grosøya,,,,STATNETT SF,58.167133587255904,8.26571830933662
Feda,,,,STATNETT SF,58.28260465913834,6.868541304224255
Teigen,,,,STATNETT SF,59.343121339744776,10.478924373426194
Brenntangen Nord,,,,STATNETT SF,59.577144883231355,10.648843161960615
Brenntangen Sør,,,,STATNETT SF,59.575842738108506,10.648608457812474
Filtvet,,,,STATNETT SF,59.58131317065972,10.617556464852434
Solberg,,,,STATNETT SF,59.59168583825916,10.616941671892976
Barøy,,,,STATNETT SF,68.35544662342775,16.095688768529932
Lødingen,,,,STATNETT SF,68.4013904488685,15.967429603825035
Karistrand,,,,STATNETT SF,68.45237028844112,17.489073064927386
Øyjord,,,,STATNETT SF,68.46717473352,17.4864518235475
Evje,,,,STATNETT SF,59.36525305983385,10.663601411976394
Halden,,,,STATNETT SF,59.1238664705991,11.414132555861778
Hasle,,,,STATNETT SF,59.31418458831606,11.155002361910748
Tegneby,,,,STATNETT SF,59.51613729743573,10.739130093358563
Røykås,,,,STATNETT SF,59.93022509273238,10.933815002161605
Frogner,,,,STATNETT SF,60.00572636988464,11.134150019259742
Follo,,,,STATNETT SF,59.728692588105545,10.782531362357613
Minne,,,,STATNETT SF,60.3887736099228,11.23225786640332
Kirkenes,,,,STATNETT SF,69.72270354519604,30.03403130535382
Varangerbotn,,,,STATNETT SF,70.17148121337218,28.541513688936508
Tana Bru,,,,STATNETT SF,70.19455675780704,28.187652968224462
Adamselv,,,,STATNETT SF,70.40972446638716,26.69570593169768
Lakselv,,,,STATNETT SF,70.00337356696902,24.97395221182192
Alta kraftverk,,,,STATNETT SF,69.72466620128925,23.782985961205103
Skaidi,,,,STATNETT SF,70.43326695140196,24.54246513286043
Alta,,,,STATNETT SF,69.95167934040921,23.373583920612674
Skogfoss,,,,STATNETT SF,69.3741986307866,29.694316179170773
Nordreisa,,,,STATNETT SF,69.62229379634766,21.31375846818492
Balsfjord,,,,STATNETT SF,69.19029237717892,19.205444381098022
Mestervik,,,,STATNETT SF,69.33782335624716,18.88389672285687
Bardufoss,,,,STATNETT SF,69.03445621617898,18.593036553324637
Kvandal,,,,STATNETT SF,68.57723024132423,17.610520177877387
Sortland,,,,STATNETT SF,68.71201707428938,15.384255290638405
Hinnøy,,,,STATNETT SF,68.68322892720386,15.499998046797268
Kilbotn,,,,STATNETT SF,68.71518379313869,16.509272809578018
Kvitnes,,,,STATNETT SF,68.62956933235577,16.598320819508007
Kanstadbotn,,,,STATNETT SF,68.50678650719334,15.88113793225987
Skjomen,,,,STATNETT SF,68.20381329302154,17.36027661729794
Ballangen,,,,STATNETT SF,68.26123906335339,16.733262943348947
Ofoten,,,,STATNETT SF,68.15884964617784,17.5588479489978
Narvik,,,,STATNETT SF,68.44415336250705,17.46294883051841
Sildvik,,,,STATNETT SF,68.40949109809038,17.79711982603695
Svartisen,,,,STATNETT SF,66.72961646018842,13.912006204116398
Salten,,,,STATNETT SF,67.32567620439934,15.714227350783254
Rana,,,,STATNETT SF,66.30319686797459,14.264233821003739
Nedre Røssåga,,,,STATNETT SF,66.05121635919133,13.783520594576954
Marka,,,,STATNETT SF,65.85201584662478,13.290265705683845
Trofors,,,,STATNETT SF,65.5346254238505,13.428310706675937
Namsskogan,,,,STATNETT SF,64.98673837685435,13.226227764481308
Kolsvik,,,,STATNETT SF,65.20440512867613,12.79225446474407
Tunnsjødal,,,,STATNETT SF,64.70377582917814,12.834872400721109
Sautso,,,,STATNETT SF,69.71959419126219,23.802119476632374
Namsos,,,,STATNETT SF,64.47814979724681,11.776188160014152
Ogndal,,,,STATNETT SF,64.02777214324936,11.619943745006125
Verdal,,,,STATNETT SF,63.753049167838505,11.504399349012214
Eidum,,,,STATNETT SF,63.44784377171784,11.00394866912433
Strinda,,,,STATNETT SF,63.39176249622272,10.438730913640345
Klæbu,,,,STATNETT SF,63.326583705287625,10.417150767070545
Dragland,,,,STATNETT SF,68.51237625733532,16.179854060600608
Fiskeøya,,,,STATNETT SF,68.51642917137539,16.1255736445205
Bamble,,,,STATNETT SF,59.04044768954035,9.59536043235527
Grenland,,,,STATNETT SF,59.12853724670371,9.474554208437468
Arendal,,,,STATNETT SF,58.58813482015509,8.728940980442308
Skagen,,,,STATNETT SF,68.5854748179492,15.040725893990116
Melbu,,,,STATNETT SF,68.51059989526128,14.851696268269114
Kvitfossen,,,,STATNETT SF,68.3268824381468,14.650840114178015
Evanger,,,,STATNETT SF,60.656423704115035,6.112243510646429
Dale,,,,STATNETT SF,60.58169535586398,5.811792625446461
Arna,,,,STATNETT SF,60.39432395819491,5.455730413474385
Fana,,,,STATNETT SF,60.28697354078328,5.343622122093163
Modalen,,,,STATNETT SF,60.88825309160812,6.011916598576386
Stølaheia,,,,STATNETT SF,58.96307494730643,5.652175122434436
Bærheim,,,,STATNETT SF,58.88298798126405,5.6942044433476475
Stokkeland,,,,STATNETT SF,58.815454663346706,5.734308210297521
Kjelland,,,,STATNETT SF,58.49484021654202,6.032866090851344
Åna-Sira,,,,STATNETT SF,58.294992234565775,6.454142708407659
Tonstad,,,,STATNETT SF,58.6579490141775,6.724858194712069
Solhom,,,,STATNETT SF,58.77467910939187,7.011021856054982
Tjørhom,,,,STATNETT SF,58.879543402866794,6.815422171729176
Kvinen,,,,STATNETT SF,58.9311903827209,7.087874725405376
Roskrepp,,,,STATNETT SF,59.02523194196235,7.0862361333361
Duge,,,,STATNETT SF,59.12567303584304,6.894718720783191
Husnes,,,,STATNETT SF,59.862784738615105,5.765852372375921
Aurland 1,,,,STATNETT SF,60.86276001175073,7.3029424833270165
Aurland 3,,,,STATNETT SF,60.78844190958489,7.566487449094709
Aurland 2,,,,STATNETT SF,60.81112188766246,7.3643273081241665
Hol 1,,,,STATNETT SF,60.625915661157144,8.18357737756849
Usta,,,,STATNETT SF,60.57438123211779,8.411500330900932
Hemsil 2,,,,STATNETT SF,60.705334185785304,8.971365030928066
Hemsil 1,,,,STATNETT SF,60.80779350224567,8.641168259835357
Oksla,,,,STATNETT SF,60.12245537361866,6.555889892484202
Skibotn,,,,STATNETT SF,69.3152298401199,20.35862588878131
Guolasjokka,,,,STATNETT SF,69.46031254568068,20.91833051048139
Bjørnevatn,,,,STATNETT SF,69.66658124981214,30.004647794905058
Giskemo,,,,STATNETT SF,62.475200780609114,6.864130497305444
Litle Sotra,,,,STATNETT SF,60.36566736929424,5.132444646511292
Kollsnes,,,,STATNETT SF,60.55067362616698,4.844413605586241
N.Blomøy,,,,STATNETT SF,60.54852932353809,4.869600050800923
Solsvik,,,,STATNETT SF,60.439452890701844,4.969163396580966
Grannes,,,,STATNETT SF,58.926199309441934,5.680080694250056
Madla,,,,STATNETT SF,58.941417291426404,5.662767765609595
Kvinesdal,,,,STATNETT SF,58.27658035070142,6.845798904658028
Ertsmyra,,,,STATNETT SF,58.67120329936556,6.75511131811346
Surna,,,,STATNETT SF,62.99638663839059,9.009449515231264
Snilldal,,,,STATNETT SF,63.399281290249945,9.60916086287106
Åfjord,,,,STATNETT SF,63.89171386306289,10.2215649542643
Hofstad,,,,STATNETT SF,64.16243480765309,10.540450622264826
Fjotland,,,,STATNETT SF,58.767847491108306,7.020412078419316
Vollesfjord,,,,STATNETT SF,58.26690314204499,6.678654017819632
Honna,,,,STATNETT SF,58.68087614590343,7.476662837353998
Haugsvær,,,,STATNETT SF,60.88926497714842,5.527142526559735
Steinsland,,,,STATNETT SF,60.92651827265657,5.976744566685103
Lindås,,,,STATNETT SF,60.79545413563989,5.042206159111615
Ljøsøysundet,,,,STATNETT SF,60.559730799245884,4.877980583191206
Kuvågen,,,,STATNETT SF,60.68149503736906,4.952323995512094
Saltvika,,,,STATNETT SF,60.724528214752866,5.002376841903291
Mjåsundet,,,,STATNETT SF,60.77040754988748,5.0500243291405384
Madla,,,,STATNETT SF,58.94151486376058,5.663049823451186
Grannes,,,,STATNETT SF,58.9263410704575,5.680280275485776
Bjerkreim,,,,STATNETT SF,58.589922468196484,5.9210624003690056
Mongstad,,,,STATNETT SF,60.802890048805345,5.053739457166546
Iledalsvågen,,,,STATNETT SF,60.84031618102914,5.1371694723590675
Kobbvatnet,,,,STATNETT SF,67.63722379198826,15.987401376040973
Skillemoen,,,,STATNETT SF,69.90425867901436,23.21682415859434
Vinnelys,,,,STATNETT SF,69.6340134049526,21.311534715976126
Spanne,,,,STATNETT SF,59.37899646000803,5.334879300860679
Stord,,,,STATNETT SF,59.78725774438767,5.413089127435466
Børtveit,,,,STATNETT SF,59.8849418957809,5.509805004324104
Bogsnes,,,,STATNETT SF,59.87669972835286,5.738118595453425
Skollebuvik,,,,STATNETT SF,59.906631668363794,5.667781885925178
Skjersholmane,,,,STATNETT SF,59.74811443154769,5.461709508636953
Valevåg,,,,STATNETT SF,59.712052819991854,5.485593401096444
Kvænangen,,,,STATNETT SF,69.71973722449887,22.054014732372842
Skarnes,,,,STATNETT SF,60.24482656970169,11.676543857525568
Kongsvinger,,,,STATNETT SF,60.19505259022498,11.97879049658229
Eidskog,,,,STATNETT SF,59.975169532425824,12.15728272628762
Stokmarknes,,,,STATNETT SF,68.55246253658893,14.990129993084773
Boltås,,,,STATNETT SF,68.53084871115593,16.66434238566892
Songkjølen,,,,STATNETT SF,60.33597951080567,11.504021713061519
Eidsborg,,,,STATNETT SF,59.47554346518009,7.9869434706458655
Flatin,,,,STATNETT SF,59.5009460636456,8.62991573164179
Gandvik,,,,STATNETT SF,70.00850465344871,29.115684804942727
Gråheia,,,,STATNETT SF,68.7183826095545,16.371657627689597
Hol 2,,,,STATNETT SF,60.61124990712199,8.262577419437788
Langskråbekken,,,,STATNETT SF,68.88423947256456,18.424338749720878
Melkefoss,,,,STATNETT SF,69.41321707219251,29.742793111912825
Neiden,,,,STATNETT SF,69.70363223580885,29.350117126133203
Nuken,,,,STATNETT SF,61.285017355757695,7.105994796722266
Fossbakken,,,,STATNETT SF,69.17847493694352,18.601216255113137
Fagersletta,,,,STATNETT SF,62.676910924468864,8.131260361707596
ASU,,,,STATNETT SF,62.67565020870812,8.55579125752353
Blåfalli 3,,,,STATNETT SF,59.87121834225711,6.073675392777562
BY,,,,STATNETT SF,60.807975598309994,10.564916531188135
Herøy,,,,STATNETT SF,59.11658715442261,9.641042322759327
Kjelbotn,,,,STATNETT SF,62.503202879741714,7.139670154235079
Bjørsteinen,,,,STATNETT SF,62.488693692824086,7.564277202665277
Kleven,,,,STATNETT SF,58.27889730893412,6.8907757079433045
Kongsvinger Kraftverk,,,,STATNETT SF,60.19745374370872,11.899631670872433
Harpefoss,,,,STATNETT SF,61.58162853888948,9.84209499481183
Jostedal,,,,STATNETT SF,61.52616462094709,7.287115162793281
Skagen,,,,STATNETT SF,68.5854748179492,15.040725893990116
Leirdøla,,,,STATNETT SF,61.43810034545789,7.245854291850852
Midtfjellet,,,,STATNETT SF,59.93134552939008,5.395903231663862
Hol 3,,,,STATNETT SF,60.58066452353477,8.408064713229091
Uvdal 2,,,,STATNETT SF,60.25856671901337,8.92403276048049
Fagrafjell,,,,STATNETT SF,58.78887890280912,5.762082508675961
Syltebø,,,,ELINETT AS,62.67710570326897,8.131075783114378
Årødal transformatorstasjon,,,,ELINETT AS,62.779301676785686,7.293264423314849
Eidseter transformatorstasjon,,,,ELINETT AS,62.79915738963069,7.567814631630776
Bolli transformatorstasjon,,,,ELINETT AS,62.926595540109936,7.3403728524909555
Moldeli transformatorstasjon,,,,ELINETT AS,62.74399573428967,7.178868706631996
Hauglia transformatorstasjon,,,,ELINETT AS,62.85808699288969,7.170807403496499
Hoved transformator T1,,132,2011,JÆREN ENERGI AS,58.641523871939135,5.767288907760356
Veggbakken,,,1917,LEDE AS,59.42155603603077,10.46587119645998
Langesund,,,1966,LEDE AS,59.01570892354415,9.72516898845362
Haslestad,,,1979,LEDE AS,59.51004083751661,10.086641608862486
Brevik,,,1964,LEDE AS,59.05973827634408,9.687529206071863
Brevik 24kV,,,2023,LEDE AS,59.06003413428651,9.686665531127003
Sundland,,,1976,LEDE AS,59.22962994374659,10.286432414939451
Esso 132 kV,,,1959,LEDE AS,59.31281017006524,10.513661286579483
Svelvik,,,1971,LEDE AS,59.607900796650846,10.40313031523307
Drangedal,,,1901,LEDE AS,59.10304041127228,9.06149398822515
Einangsmoen,,,1901,LEDE AS,59.21796146182692,8.090149273602362
Gokstad,,,1986,LEDE AS,59.14420225301765,10.250094484612923
Lunde Telemark 66 kV,,,1986,LEDE AS,59.29833040559907,9.090494874161811
Brår,,,1975,LEDE AS,59.36695018880505,10.252468522602994
Mo-Telemark 11 kV,,,1989,LEDE AS,59.30269755576653,9.557930892349312
Myrene,,,1960,LEDE AS,59.134144976813424,9.666818160240938
Sam Eyde 132 kV,,,2001,LEDE AS,59.55766132429701,9.266038062967652
Firingen,,,1979,LEDE AS,59.266073863828595,10.359867969681211
Leinås,,,1961,LEDE AS,59.563384165976984,10.270027923277091
Holtan,,,1962,LEDE AS,59.14200525685086,10.403869770514646
Bentsrud,,,1979,LEDE AS,59.47135510633716,10.312180319739136
Sørtveit,,,1990,LEDE AS,59.3075008012972,9.660736863379082
Frogner,,,1914,LEDE AS,59.21289987567047,9.612733869884867
Brufoss,,,1964,LEDE AS,59.42690844880747,9.99153350628521
Hjartdøla,,,1901,LEDE AS,59.60495668865834,8.711412407816141
Bergeløkka,,,1967,LEDE AS,59.05615988639119,10.021482521783206
Hovholt,,,1977,LEDE AS,59.110104098619516,9.679001278654038
Århus,,,1972,LEDE AS,59.21916895580949,9.579401215567058
Gvarv 66 kV,,,1986,LEDE AS,59.379181794903644,9.174435894480917
Kaldnes,,,1991,LEDE AS,59.26088686893182,10.400001924178147
Nes,,,1963,LEDE AS,59.248450968895206,10.454285476720926
Skotfoss,,,1973,LEDE AS,59.206282534086284,9.53215362131786
Kullerød,,,1975,LEDE AS,59.31142874014722,10.179114834548509
Tudal,,,1990,LEDE AS,59.27123959320763,9.724852250039872
Hauen,,,1914,LEDE AS,59.173265434961785,9.64189684817937
Trolldalen,,,1979,LEDE AS,59.378210808810735,10.41237083030317
Voll,,,1901,LEDE AS,59.12658648848668,9.497168418379694
Moflata,,,2005,LEDE AS,59.192504580290034,9.589481934571282
Gjærdal,,,1988,LEDE AS,59.069690782601874,10.054842266309633
Røreåsen,,,1994,LEDE AS,59.41569290194563,10.462663376862345
Roligheten,,,1963,LEDE AS,59.12817595656988,9.62430409636469
Holmestrand,,,1972,LEDE AS,59.47897522673755,10.328374470655545
Bugården,,,1976,LEDE AS,59.12821989285877,10.196029887901682
Opdalen,,,1990,LEDE AS,59.30833128777908,9.66112400205977
Hydro Rjukan Næringspark,,,1901,LEDE AS,59.87768006195478,8.567838212757728
Semb,,,1996,LEDE AS,59.40059812428583,10.453265293586197
Brunla,,,1976,LEDE AS,59.004805463258094,10.017665301072627
Nordagutu,,,1954,LEDE AS,59.41422437163229,9.326691460981051
Lofstad,,,1991,LEDE AS,59.31353187235808,9.862620648465962
Holla,,,1901,LEDE AS,59.27703891810171,9.253974832916846
Vindal,,,1993,LEDE AS,59.10902187545112,10.241444802010287
Stangeby,,,1966,LEDE AS,59.21774932859524,10.399550420543907
Heimdal,,,1913,LEDE AS,59.273314140388855,10.421774907891292
Mo-Vestfold,,,1978,LEDE AS,59.14371767999655,10.19973208746013
Tørdal,,,2018,LEDE AS,59.146166071203474,8.768474590194732
Snippen,,,1979,LEDE AS,59.05661764875074,10.135189546256985
Kjørbekk,,,1984,LEDE AS,59.17647897458933,9.607908392087039
Dolven,,,1987,LEDE AS,59.01370048353044,9.896478640821304
Klyve,,,1968,LEDE AS,59.15180520914079,9.622028231239725
Askehaug,,,1967,LEDE AS,59.27519780810446,10.307362774572859
Rakkås,,,2008,LEDE AS,59.31211266324249,10.403536863985053
Rønningen,,,1984,LEDE AS,59.267549900170465,10.462133325066358
Vrangfoss 132 kV,,,1901,LEDE AS,59.302572309580476,9.204226143095735
Eika 66 kV,,,1972,LEDE AS,59.38485151144281,9.04033903294817
Kvelde,,,1992,LEDE AS,59.20265016744343,9.963434788935825
Undersbo,,,1982,LEDE AS,59.042415689302466,10.055659550898278
Sande,,,1986,LEDE AS,59.57532562401822,10.219033207384879
Ranvik,,,1994,LEDE AS,59.11824077403101,10.21594904848467
Hvitsten,,,1982,LEDE AS,59.486635989135806,10.297830435966269
Slagen,,,1964,LEDE AS,59.28383417844794,10.43083223772947
HELL OMFORMERSTASJON,,132,2024,BANE NOR SF,63.44869554052825,11.001856801875656
HOLMLIA OMFORMERSTASJON,,47,1980,BANE NOR SF,59.82855736275578,10.798384718060138
NESLANDSVATN TRANSFORMATORSTASJON,,55,1946,BANE NOR SF,58.975382485854524,9.153500227642718
TANGEN OMFORMERSTASJON,,66,1953,BANE NOR SF,60.623983088401395,11.253952651970348
KONGSVINGER OMFORMERSTASJON,,66,1951,BANE NOR SF,60.1911606649913,11.985858265266929
OTTA OMFORMERSTASJON,,66,1996,BANE NOR SF,61.78271451901566,9.542308010538727
DALE OMFORMERSTASJON,,66,1954,BANE NOR SF,60.58214063936002,5.807193027890057
LEIVOLL OMFORMERSTASJON,,110,2000,BANE NOR SF,58.26665495964164,7.45304376342113
KJELLAND OMFORMERSTASJON,,47,2024,BANE NOR SF,58.49472232620673,6.032983736483193
NORDAGUTU TRANSFORMATORSTASJON,,55,1935,BANE NOR SF,59.418898290638154,9.322068239886772
ALNABRU OMFORMERSTASJON,,47,1930,BANE NOR SF,59.92928907552264,10.831519007279425
SANDE TRANSFORMATORSTASJON,,55,1956,BANE NOR SF,59.583467601819315,10.207561676224575
ASKER TRANSFORMATORSTASJON,,55,1965,BANE NOR SF,59.830096217797184,10.429767501721487
SKOLLENBORG OMFORMERSTASJON,,55,1925,BANE NOR SF,59.622404901210686,9.692497594456825
JESSHEIM OMFORMERSTASJON,,66,1997,BANE NOR SF,60.14258830673114,11.15214959632429
FÅBERG OMFORMERSTASJON,,66,1966,BANE NOR SF,61.163525800443296,10.406372904172764
SOLUM OMFORMERSTASJON,,132,2018,BANE NOR SF,59.07793008181222,9.862796783402624
FRON OMFORMERSTASJON,,66,1967,BANE NOR SF,61.57057017582751,9.879042888892014
OPPDAL OMFORMERSTASJON,,66,1970,BANE NOR SF,62.58210545307883,9.673186929077511
STAVNE OMFORMERSTASJON,,66,1996,BANE NOR SF,63.41400679564247,10.383572294298904
LUNNER OMFORMERSTASJON,,132,1961,BANE NOR SF,60.29714064261494,10.586214569825392
NESBYEN OMFORMERSTASJON,,66,1962,BANE NOR SF,60.596429543875104,9.09205169337551
HAUGASTØL OMFORMERSTASJON,,66,1964,BANE NOR SF,60.51148417176862,7.872124296061508
MJØLFJELL OMFORMERSTASJON,,66,1964,BANE NOR SF,60.694538952811534,6.840589250178067
ARNA OMFORMERSTASJON,,132,2019,BANE NOR SF,60.41583538780141,5.451209401505583
NELAUG OMFORMERSTASJON,,66,1951,BANE NOR SF,58.658833458310795,8.627670639106945
KROSSEN OMFORMERSTASJON,,66,1950,BANE NOR SF,58.15493108910297,7.951680298132317
STAVANGER OMFORMERSTASJON,,47,2011,BANE NOR SF,58.945603992251414,5.7530414023851995
ALNABRU MOBIL OMFORMER 102,,47,2013,BANE NOR SF,59.9291528010725,10.831279337130635
HOLMLIA MOBIL OMFORMER 101,,47,2013,BANE NOR SF,59.8284685420985,10.79817485368823
GJØVIK MOBIL OMFORMER 105,,66,2017,BANE NOR SF,60.78611753283985,10.672733537254501
KJELLAND MOBIL OMFORMER 104,,47,2015,BANE NOR SF,58.49463902801165,6.030332743043771
SIRA OMFORMERSTASJON,,66,1952,BANE NOR SF,58.4142406566261,6.662463695671409
GANDAL OMFORMERSTASJON,,47,1956,BANE NOR SF,58.813917979131986,5.732338395380681
ROMBAK OMFORMERSTASJON,,132,1970,BANE NOR SF,68.40435600293644,17.78141229264211
SARPSBORG OMFORMERSTASJON,,47,1993,BANE NOR SF,59.24614930579288,11.165390573725045
RUDSHØGDA MOBIL OMFORMER 103,,66,2013,BANE NOR SF,60.91604087172035,10.821179778287252
Kongsgaten trafostasjon,,52,,LNETT AS,58.96626955965796,5.7349059151770705
Helmikstøl trafostasjon,,52,,LNETT AS,59.033917567664226,6.387646171640739
Ullandhaug trafostasjon,,52,,LNETT AS,58.942121512563716,5.716818358280956
Skeiane trafostasjon,,52,,LNETT AS,58.84404569515733,5.720388857427099
Hetland trafostasjon,,52,,LNETT AS,58.52395838950435,5.836137857983476
Jåttå trafostasjon,,52,,LNETT AS,58.900845389988476,5.706295726232126
Lura trafostasjon,,52,,LNETT AS,58.876268471953196,5.724169956570106
Hillevåg trafostasjon,,52,,LNETT AS,58.94464996417061,5.749446834196999
Randaberg trafostasjon,,52,,LNETT AS,59.0132835385143,5.602025219460095
Opstad transformatorstasjon,,52,,LNETT AS,58.64293549796154,5.670041412622195
Hatteland trafostasjon,,52,,LNETT AS,58.77872183895755,5.660351909428802
Bø trafostasjon,,52,,LNETT AS,58.54841763393869,5.76691350518611
Risavika trafostasjon,,52,,LNETT AS,58.91123280849635,5.591848461771194
Tronsholen trafostasjon,,52,,LNETT AS,58.83042165496331,5.742313061321134
Nærbø trafostasjon,,52,,LNETT AS,58.66896083091191,5.644064625212642
Alsteinsgata trafostasjon,,52,,LNETT AS,58.9773186221134,5.715594912606541
Vatne trafostasjon,,52,,LNETT AS,58.85413450888188,5.780410146258793
Buøy trafostasjon,,52,,LNETT AS,58.991130066267246,5.731694369147174
Mosvannet trafostasjon,,52,,LNETT AS,58.95790106975827,5.7235666520533135
Nordbø trafostasjon,,52,,LNETT AS,59.11020124501578,5.698394632138409
Gilja trafostasjon,,52,,LNETT AS,58.80649902687059,6.252694752585177
Bærheim trafostasjon,,52,,LNETT AS,58.88334186876844,5.6939626999540405
Stølaheia trafostasjon,,52,,LNETT AS,58.96359589203665,5.651536197514173
Stokkeland trafostasjon,,52,,LNETT AS,58.815472452266974,5.734167685238158
Tau  trafostasjon,,52,,LNETT AS,59.06458101580657,5.932194891066566
Forsand trafostasjon,,52,,LNETT AS,58.89785296198874,6.121173575879959
Hjelmeland trafostasjon,,52,,LNETT AS,59.21437110688751,6.121420987953702
Veland trafostasjon,,52,,LNETT AS,59.10311227796972,6.011503551606118
Finnøy trafostasjon,,52,,LNETT AS,59.16572828508208,5.874866395877783
Oltedal trafostasjon,,52,,LNETT AS,58.82844107450177,6.055686640057833
Dalen trafostasjon,,52,,LNETT AS,59.022979891054085,6.068589257700816
Årdal trafostasjon,,52,,LNETT AS,59.1479432213181,6.173593863444207
Kjelland trafostasjon,,52,,LNETT AS,58.49502934978776,6.031524173052836
Kleppemarka trafostasjon,,52,,LNETT AS,58.78615485672609,5.616663040677504
Jøssang koblingsstasjon,,52,,LNETT AS,59.00298903163403,6.081743811884026
Åna-Sira trafostasjon,,52,,LNETT AS,58.29473235596737,6.4535759629923355
Hjelmeland kraftstasjon,,52,1955,LNETT AS,59.22384162136297,6.21930549257945
Oltesvik kraftstasjon,,52,,LNETT AS,58.85199247924756,6.123127620236787
Tonstad kraftstasjon,,52,,LNETT AS,58.65784841682634,6.724033133789588
Lysebotn 2,,52,,LNETT AS,59.058415359198186,6.652474189369972
Moen trafostasjon,,52,2004,LNETT AS,59.059712759536986,6.663991799636642
Håland trafostasjon,,52,1972,LNETT AS,58.721179298906826,5.655782175598004
Sande trafostasjon,,52,,LNETT AS,58.893448748845245,5.647989321957572
Madla trafostasjon,,52,,LNETT AS,58.953694844886655,5.672922919413401
Tu trafostasjon,,52,,LNETT AS,58.74480263902583,5.658732729250611
Båtstad trafostasjon,,52,,LNETT AS,58.93224457003513,5.600732212971088
Tjensvoll trafostasjon,,52,,LNETT AS,58.95224004715732,5.701302505734812
Forus trafostasjon,,52,,LNETT AS,58.8928840745546,5.7319289172775205
Kalberg trafostasjon,,52,,LNETT AS,58.78564596322568,5.737506874754496
Dusavika trafostasjon,,52,,LNETT AS,58.99494500443833,5.664203146294068
Holen trafostasjon,,52,,LNETT AS,58.73594961879625,5.691346482553177
Ålgård trafostasjon,,52,,LNETT AS,58.77307506637355,5.8519332428743915
Riska trafostasjon,,52,,LNETT AS,58.91147311502941,5.838292302443684
Haugesundsgata trafostasjon,,52,,LNETT AS,58.967908473559575,5.752987787015368
Vagle trafostasjon,,52,,LNETT AS,58.80915704331117,5.730208476721054
Flørli kraftstasjon,,52,,LNETT AS,59.01310056891939,6.435008265781263
Veland trafostasjon nye,,52,,LNETT AS,59.099918846931565,6.010363688853861
Hjelmeland trafostasjon nye,,52,,LNETT AS,59.22905210914811,6.154183506005884
Håland trafostasjon nye,,52,,LNETT AS,58.71765232170928,5.661521328914442
Fjelde trafostasjon,,52,,LNETT AS,59.031768197822664,6.0233020319713315
Fagrafjell trafostasjon,,52,,LNETT AS,58.79078413170587,5.763107499368648
HERADSBYGD TRST,,132,,ELVIA AS,60.82977907280532,11.604042110611024
TRYSIL TRST,,132,,ELVIA AS,61.297209627457214,12.26801149793673
DOKKA TRSF.ST.,,132,,ELVIA AS,60.820465322159045,10.112791618514581
SOLLIA TRST,,66,,ELVIA AS,61.79168116542132,10.223843955669691
RENA TRST,,66,,ELVIA AS,61.13764028333303,11.387531194992583
KIRKENÆR TRST,,66,,ELVIA AS,60.466463027039424,12.03668180833321
RUDSHØGDA TRST,,66,,ELVIA AS,60.905823452882096,10.819398312181717
NORD-ODAL TRST,,66,,ELVIA AS,60.40815799255178,11.550391508699175
VIKSELV TRAFOSTASJON,,66,,ELVIA AS,60.6254159000071,11.293555813014827
ENGJOM TRSF.ST.,,66,,ELVIA AS,61.287598804027226,10.173913136235534
HAGE TRSF.ST.,,66,,ELVIA AS,61.101495297567936,10.473732281794248
HJELLUM TRST,,66,,ELVIA AS,60.80100906839057,11.155698272831577
KVISLER TR.ST,,66,,ELVIA AS,60.55602996213521,11.979561261283733
LISMARKA TRSF.ST.,,66,,ELVIA AS,61.06797913529754,10.623608662011717
SAVALEN KRV,,132,,ELVIA AS,62.18679206757773,10.617106957383662
BRUMUNDDAL TRST,,66,,ELVIA AS,60.878507990302786,10.954515663944969
TRAFO NORD,,66,,ELVIA AS,60.73849825172779,10.610831876799974
LUTUFALLET KRV,,132,,ELVIA AS,61.06446548694506,12.584954372341647
EIDSKOG TRST,,132,,ELVIA AS,59.97501782026629,12.157300993424771
SORGENDAL TRSF.ST.,,66,,ELVIA AS,61.11359071822928,10.454015954909623
FÅBERG TRST,,300,,ELVIA AS,61.138654006918735,10.421945882582282
MESNA KRV,,66,,ELVIA AS,61.11708935116791,10.47078675837298
LOMEN TR.ST,,132,,ELVIA AS,61.135574954226506,8.87932443536398
OS TRST,,132,,ELVIA AS,62.50491064761024,11.167406657828993
SKRAUTVÅL TRST,,132,,ELVIA AS,61.02736748318982,9.249142799713468
FURNES TRST,,132,,ELVIA AS,60.82760057275171,11.044386862853486
ENGERDAL TRST,,132,,ELVIA AS,61.80952878741559,11.91902479241838
BEGNA TRST,,132,,ELVIA AS,60.648548640431926,9.897681193021304
ALVDAL TRST,,66,,ELVIA AS,62.12457627784558,10.590849278527116
ELVERUM TRAFOSTASJON,,132,,ELVIA AS,60.896740303556136,11.533355352028655
LEIRET TRST,,132,,ELVIA AS,60.87809038399746,11.574980489908302
BIRI TRST,,66,,ELVIA AS,60.95226762350315,10.611153579847903
MJØSSTRANDA GJØVIK,,132,,ELVIA AS,60.801138550544316,10.69014097771811
STANGE TRAFOSTASJON,,66,,ELVIA AS,60.72228586640941,11.221482653304724
STRANDLYKKJA TRST,,66,,ELVIA AS,60.50423150191761,11.251861189436298
ROPPA KR.VERK,,66,,ELVIA AS,61.240337922906704,10.058523181442903
GREFTEN TRST,,66,,ELVIA AS,60.852399653279726,11.203102929342412
KONGSVINGER TRST,,132,,ELVIA AS,60.194892623285426,11.978446950909284
VIFLAT TRST,,66,,ELVIA AS,60.80256448365294,10.576874187872457
ILSENG TRAFOSTASJON,,66,,ELVIA AS,60.7727657939681,11.22054984932677
TRAFO VEST,,66,,ELVIA AS,60.73602375202266,10.605936753701668
KOPPANG TRST,,66,,ELVIA AS,61.56561838847828,11.072334226306003
NORSENGA TRST,,66,,ELVIA AS,60.18798572603754,12.025299546046229
TOLGA TRST,,132,,ELVIA AS,62.416890506056426,11.023657893333402
NES TRST,,132,,ELVIA AS,60.81858279833283,10.848074372829517
RAUFOSS TRSF.ST.,,132,,ELVIA AS,60.709187886187635,10.607063590482634
HOMMERSTAD TRST,,66,,ELVIA AS,60.808496756610275,11.333095818374522
ENGERFJELLET TS,,66,,ELVIA AS,60.4258826134114,11.380404675697099
RØDSMOEN TRST,,66,,ELVIA AS,61.15185494792917,11.385135576390232
OSFALLET KRV,,22,,ELVIA AS,61.20152214268737,11.506040978026093
SØNSTERUD TRST,,66,,ELVIA AS,60.66373187246529,12.060754540867137
SKARNES TRST,,132,,ELVIA AS,60.244931409066275,11.676125273740324
KRABYSKOGEN TRSF.ST.,,132,,ELVIA AS,60.651706777446044,10.875950348080417
VELDRESIDEN TRSF.ST.,,66,,ELVIA AS,60.88581870134207,10.937451930641158
HORTA TRAFOSTASJON,,66,,ELVIA AS,61.375747363076,11.168156764782442
BØRSTAD TRST,,66,,ELVIA AS,60.799949053748826,11.095831402516831
YLJA,,132,,ELVIA AS,61.19632663575265,8.381305628039112
LUNDE TRST,,66,,ELVIA AS,61.22894010442612,10.273844965114264
RNVA,,66,,ELVIA AS,60.72823578968181,10.609545578537235
OTTESTAD TRAFOSTASJON,,66,,ELVIA AS,60.775713340872024,11.129504593697137
SKJEFSTADFOSSEN,,22,,ELVIA AS,60.830478830093654,11.611754152783488
TYNSET TRST,,132,,ELVIA AS,62.282486258379485,10.783265961766814
MOELV TRST,,66,,ELVIA AS,60.93696354068661,10.71937909340992
LØPET KRV,,66,,ELVIA AS,61.163782844292086,11.456993311973427
FASLEFOSS KR.VERK,,132,,ELVIA AS,60.95706266745946,9.300689654072752
GJØVIK TRST,,132,,ELVIA AS,60.78726067139792,10.671952004672741
KJØLBERGET TS,,132,,ELVIA AS,61.02134057895063,12.19592359391367
BRUVOLD TRST,,66,,ELVIA AS,60.928551087997484,10.703696850740553
LØVBERGSMOEN TRST,,132,,ELVIA AS,60.90199536451426,11.60708523760884
SJUSJØEN TRST,,66,,ELVIA AS,61.12450184493187,10.693786953064608
ÅBJØRA TRAFOSTASJON,,132,,ELVIA AS,60.91687129359261,9.379693781048472
ÅSNES TRST,,132,,ELVIA AS,60.61002403278679,11.960095598609636
VÅLER TRAFOSTASJON,,132,,ELVIA AS,60.706939849492706,11.793537746202013
KONGSENGEN TRST,,132,,ELVIA AS,60.69060673659473,10.792483381008577
RENDALEN TRST,,66,,ELVIA AS,61.8122573916803,11.123962838914688
AJER TRST,,66,,ELVIA AS,60.81084663493642,11.053944253008313
OSA TR.ST.,,132,,ELVIA AS,61.23708470251945,11.517339416677045
VESTBYEN TRSF.ST.,,66,,ELVIA AS,60.79841120957386,11.060974475762078
BEITO TRAFOSTASJON,,132,,ELVIA AS,61.232163441473,8.88149868471426
Blaker,,66,,ELVIA AS,59.998474256828295,11.308039414762007
Vormsund,,66,,ELVIA AS,60.1835727115307,11.419365313059023
Myrvoll,,47,,ELVIA AS,59.778002794703895,10.80100137145652
Kambo,,47,,ELVIA AS,59.473936812101414,10.695388742261851
Mosseporten,,47,,ELVIA AS,59.44053303294995,10.693059032264165
Bryn,,47,,ELVIA AS,59.912188046459356,10.818032326430568
Tøyen,,47,,ELVIA AS,59.91694641676253,10.781428078274667
Råde,,132,,ELVIA AS,59.35859631262769,10.807942932831958
Holmlia,,47,,ELVIA AS,59.82924478419946,10.793988801927698
Gamlebyen,,47,,ELVIA AS,59.20416589030529,10.962474585699416
Ullevål,,132,,ELVIA AS,59.93521279727982,10.731696632278407
Gluppe,,47,,ELVIA AS,59.23990452337931,10.918631346314118
Gjersjøen,,47,,ELVIA AS,59.80927847105483,10.777608779594898
Fusdal,,132,,ELVIA AS,59.83343318464011,10.44497341134795
Prinsdal,,47,,ELVIA AS,59.84038878785782,10.811694024008071
Melløs,,47,,ELVIA AS,59.4188508288727,10.669192090974347
Abildsø,,132,,ELVIA AS,59.88970645476471,10.820572212939538
Jeløy,,47,,ELVIA AS,59.43447048132183,10.651127025508949
Brogata,,47,,ELVIA AS,59.21593451824552,10.932780464225381
Hoff,,47,,ELVIA AS,59.92472195063808,10.674897002846448
Høybråten,,47,,ELVIA AS,59.94672523384519,10.921086592847509
Hammerstad,,66,,ELVIA AS,60.332157354678095,11.219388709498519
Gleng,,47,,ELVIA AS,59.28932394973576,11.114475531519226
Fjelle,,47,,ELVIA AS,59.19551035645432,10.864288926820542
Øreåsen,,47,,ELVIA AS,59.42155609181766,10.697316772950947
Henstad,,47,,ELVIA AS,59.58618816861405,11.164979039162667
Løken,,66,,ELVIA AS,59.79945916003166,11.472992591384621
Korsvoll,,47,,ELVIA AS,59.9601785797288,10.765939330065514
Holstad,,47,,ELVIA AS,59.67599148259553,10.806942963148952
Raa,,132,,ELVIA AS,59.244638309226374,10.980414264934197
Spydeberg,,47,,ELVIA AS,59.6085326948789,11.072820896835031
Fornebu,,47,,ELVIA AS,59.90659652693939,10.62457119555835
Berger,,132,,ELVIA AS,59.864153346620654,10.469648971072045
Pilestredet,,132,,ELVIA AS,59.92066534837681,10.734850332261807
Lillo,,132,,ELVIA AS,59.94544699804379,10.772908470736258
Akersberget,,132,,ELVIA AS,59.92463931978022,10.749995108004748
Haga,,47,,ELVIA AS,59.539605128303464,11.293927997120367
Aasgaard,,47,,ELVIA AS,59.535037541054976,11.372127116762838
Vammafossen,,132,,ELVIA AS,59.53982218469983,11.173877965933062
Linderud,,47,,ELVIA AS,59.939032354359924,10.831219394756143
Stubberud,,47,,ELVIA AS,59.927953096782886,10.863613825662771
Kjellerholen,,66,,ELVIA AS,59.97809323067114,11.007574574204833
Rasta,,47,,ELVIA AS,59.92712087069917,10.936033945357622
Nerdrum,,66,,ELVIA AS,59.9225112348162,11.139444310984112
Tårnlia,,47,,ELVIA AS,59.81674450905932,10.81680797647823
DeNoFa,,47,,ELVIA AS,59.195766419830136,10.95168758515526
Greåker,,47,,ELVIA AS,59.26391940061718,11.034910627970547
Haugenstua,,47,,ELVIA AS,59.95413271995403,10.907933634270464
Skedsmokorset,,66,,ELVIA AS,60.00913242632263,11.043086365174451
Blommenholm,,47,,ELVIA AS,59.90367962498783,10.55812567018445
Bjørnegård,,47,,ELVIA AS,59.89597453150276,10.499625016878877
Sandvika,,47,,ELVIA AS,59.89648489935205,10.521601366945703
Voksenlia,,47,,ELVIA AS,59.963784757147096,10.658355490429027
Solli,,132,,ELVIA AS,59.91288116952068,10.719977677182593
Skøyen,,132,,ELVIA AS,59.91988653675374,10.689061203519769
Fjærå,,47,,ELVIA AS,59.26711270739534,10.791213280809192
Tveten,,47,,ELVIA AS,59.92041890396492,10.848258205874197
Tokerud,,47,,ELVIA AS,59.96798943067846,10.917165308691885
Tornerud,,47,,ELVIA AS,59.58562272845977,11.146320954980254
Tonsen,,47,,ELVIA AS,59.93840528685395,10.79644309756159
Minnesund,,66,,ELVIA AS,60.389966667634866,11.232262441866045
Vevelstad,,47,,ELVIA AS,59.7605061027909,10.843671610171171
Kråkstad,,47,,ELVIA AS,59.683735441899294,10.89459372176331
Løren,,47,,ELVIA AS,59.930034489567774,10.793691210301917
Lilleaker,,47,,ELVIA AS,59.9216397571819,10.640814059875035
Dal,,66,,ELVIA AS,60.24717003987155,11.191455751616148
Fjellhamar,,47,,ELVIA AS,59.939737529715735,10.980216237728252
Bærums Verk,,47,,ELVIA AS,59.943029189896116,10.50057418727538
Nystuen,,47,,ELVIA AS,59.80633493041083,10.689024888426626
Ås,,47,,ELVIA AS,59.667156745453994,10.754694620122608
Såner 1,,47,,ELVIA AS,59.527541464063574,10.735687034545796
Mjørud,,47,,ELVIA AS,59.42735525456282,11.329678655460773
Kastellet,,47,,ELVIA AS,59.87261996885687,10.791722372205399
Tangen,,47,,ELVIA AS,59.84444863355734,10.67077945632277
K-H,,47,,ELVIA AS,59.26457575704283,11.125569551174841
Ørje,,47,,ELVIA AS,59.480501056268054,11.65253832129307
Pipervika,,132,,ELVIA AS,59.90992885122392,10.735802824736675
Leirdal,,47,,ELVIA AS,59.936402198517634,10.87846854856118
Klemetsrud,,47,,ELVIA AS,59.83924420313268,10.837194431966061
Halmstad,,47,,ELVIA AS,59.38144700626618,10.742020578590651
Vestbygata,,66,,ELVIA AS,59.96361381016715,11.04944187021511
Solheim,,47,,ELVIA AS,59.92645846874562,10.956040333230632
Garder,,66,,ELVIA AS,60.19356553525357,11.050989856425778
Navestad,,47,,ELVIA AS,59.244164682492205,11.150039737258222
Rodeløkka,,132,,ELVIA AS,59.92330252483895,10.769192583125893
Leirsund,,66,,ELVIA AS,59.99288263928221,11.081858402767164
Torshov,,132,,ELVIA AS,59.9335056892028,10.770350547798962
Ris,,132,,ELVIA AS,59.94857022549356,10.70428934432139
Sagene,,132,,ELVIA AS,59.943317874399156,10.755704726468872
Jahren,,47,,ELVIA AS,59.57625026582657,11.184888464626914
Lambertseter,,47,,ELVIA AS,59.871479665940036,10.828368194014072
Hurdal,,132,,ELVIA AS,60.43336420191959,11.077429716354589
St.Halvard,,47,,ELVIA AS,59.2732744634418,11.101658694833526
Trøgstad,,47,,ELVIA AS,59.63830532756117,11.300464091026711
Strøm,,66,,ELVIA AS,60.07623338668535,10.888994717435196
Lillestrøm,,47,,ELVIA AS,59.94818605863448,11.062510184152444
Skiptvet,,47,,ELVIA AS,59.47810262476604,11.16691694734822
Oppsal,,47,,ELVIA AS,59.89894811963593,10.845766605853722
Ammerud,,47,,ELVIA AS,59.9607240411734,10.871362364941975
Kringsjå,,47,,ELVIA AS,59.96200252774246,10.738835701455292
Alnabru,,47,,ELVIA AS,59.9278722812225,10.849841989992333
Gotland,,66,,ELVIA AS,60.074179921043346,11.153697489353743
Gjestad,,66,,ELVIA AS,60.14326483099849,11.157117972619211
Eiksmarka,,47,,ELVIA AS,59.94524816503802,10.609498053186941
Finstad,,47,,ELVIA AS,59.71441626746875,10.824083695978285
Vestby,,47,,ELVIA AS,59.61075457749392,10.742368876020947
Gansdalen,,66,,ELVIA AS,59.86498925608647,11.261811974335584
Årnes,,66,,ELVIA AS,60.12055312974561,11.47225000622009
Hvaler,,47,,ELVIA AS,59.07578033367146,10.938479342700086
Heggedal,,132,,ELVIA AS,59.793722476935834,10.455026130503143
Aurskog,,66,,ELVIA AS,59.92743580622511,11.473434572669992
Hovinmoen,,66,,ELVIA AS,60.17832648107244,11.166456779859363
Grønland,,132,,ELVIA AS,59.913976581923286,10.759353235245447
Rud,,47,,ELVIA AS,59.9108000917979,10.49371305002731
Granstangen,,47,,ELVIA AS,59.94726258184948,10.89717576744353
Nordbyhagen,,47,,ELVIA AS,59.93379058283531,10.997925872941199
Nordby,,47,,ELVIA AS,59.72113423616036,10.781512778618776
Gyldenløve,,47,,ELVIA AS,59.12152771874362,11.409398869086765
Stangeberget,,47,,ELVIA AS,59.127809431073146,11.376243026836907
Sandem,,47,,ELVIA AS,59.23732597118471,11.008206794592382
Rommen,,47,,ELVIA AS,59.96115858776589,10.906663206078255
Varteig,,47,,ELVIA AS,59.354424690655804,11.19037342445908
Kampenes,,47,,ELVIA AS,59.279648861196875,11.181285527246331
Haraldrud,,47,,ELVIA AS,59.92665386623173,10.828843398122551
Jar,,47,,ELVIA AS,59.91941934957827,10.629153924550296
Isebakke,,47,,ELVIA AS,59.12057896344564,11.317209321201018
Strømmen,,47,,ELVIA AS,59.94209454026722,11.002491935638634
Ballerud,,47,,ELVIA AS,59.90502969375124,10.5743289414426
Drømtorp,,47,,ELVIA AS,59.71421275555785,10.851031357274987
Øra,,47,,ELVIA AS,59.19198926718027,10.955458463724417
Bru,,47,,ELVIA AS,59.775980964756215,10.910547252441326
Alvim,,47,,ELVIA AS,59.27514225693552,11.088218824522986
Ørebekk,,47,,ELVIA AS,59.23098202878045,10.900089602894884
Prestegata,,132,,ELVIA AS,59.91248044154128,10.738035260080252
Oredalen,,47,,ELVIA AS,59.22613669240271,10.93580268154468
Rælingen,,47,,ELVIA AS,59.94229926731723,11.048342277449677
Slattum,,66,,ELVIA AS,60.00980763718672,10.921403862482963
Majorstua,,132,,ELVIA AS,59.93289351184615,10.715298079391312
Bekkelaget,,47,,ELVIA AS,59.88668769455248,10.770937551978552
Grålum,,47,,ELVIA AS,59.294257137878525,11.057251668775683
Moss,,47,,ELVIA AS,59.43634705639569,10.672516764872318
Stalsberg,,47,,ELVIA AS,59.95302251617537,11.021753171980444
Skjetten,,47,,ELVIA AS,59.96531341389218,10.994206957067279
Borgen,,132,,ELVIA AS,59.82820470343656,10.418630137202932
Enebakk,,47,,ELVIA AS,59.722660908871966,11.05252236480422
Kråkerøy,,47,,ELVIA AS,59.20651524887029,10.936013664503166
Lystad,,66,,ELVIA AS,59.96237699712392,11.224147224111043
Haslum,,47,,ELVIA AS,59.923435902451125,10.575190731932464
Kjelsås,,47,,ELVIA AS,59.96475183785284,10.78966460923083
Dyrløkke,,47,,ELVIA AS,59.67473364376994,10.668026304851889
Rygge,,47,,ELVIA AS,59.40116793049078,10.691818272754844
Hammeren,,66,,ELVIA AS,59.98417830944552,11.201025151393628
Såner 2,,47,,ELVIA AS,59.52493299433763,10.76221802234397
Røa,,47,,ELVIA AS,59.948116807512406,10.647291676900217
Montebello,,132,,ELVIA AS,59.93455952125005,10.668619401654883
Bøler,,47,,ELVIA AS,59.87680329819209,10.84721846981959
Briskeby,,132,,ELVIA AS,59.92264717133539,10.715446898040907
Jordal,,132,,ELVIA AS,59.90817073614657,10.781880387266215
Bjørkelangen,,66,,ELVIA AS,59.88088019807124,11.56317588523707
Gran,,66,,ELVIA AS,60.18921260164536,11.103190571457263
Brødløs,,47,,ELVIA AS,59.140255752794125,11.381341305129933
Mellegård,,47,,ELVIA AS,59.36014608960878,11.497161627597329
Melleby,,47,,ELVIA AS,59.622998695421245,10.990113043708359
Ulven-us,,132,,ELVIA AS,59.92155033751215,10.810943607402823
Ringebu trafostasjon,,66,1920,VEVIG AS,61.524374309253595,10.135864320561891
Moksa Kraftstasjon,,66,1920,VEVIG AS,61.31905497896862,10.300210569272688
Tretten trafostasjon,,66,1979,VEVIG AS,61.314690479203726,10.291471260413113
Sør-Fron trafostasjon,,66,2003,VEVIG AS,61.56615460902758,9.910179640521598
Vinstra trafostasjon,,66,1960,VEVIG AS,61.59140689909445,9.754223889438254
Heggerusten trafostasjon,,66,1979,VEVIG AS,61.65516761877688,9.614772790314431
Nedre Vinstra,,66,1920,VEVIG AS,61.577381769482905,9.803875659171045
Harpefoss,,66,1920,VEVIG AS,61.58152917922443,9.84186422059731
Fåvang trafostasjon,,66,2022,VEVIG AS,61.442191929411784,10.165884539589701
Rybakken trafostasjon,,66,1980,VEVIG AS,61.24559942946302,10.424217610581355
BORGUND TRANSFORMATORSTASJON,,66,1974,SYGNIR AS,61.05897376709588,7.819158333693606
FONNDØLA TRANSFORMATORSTASJON,,66,1976,SYGNIR AS,61.437212434552784,7.246113089459138
LÆRDAL TRANSFORMATORSTASJON,,66,1978,SYGNIR AS,61.09651579655529,7.491143860951226
SITJANDE TRANSFORMATORSTASJON,,66,1980,SYGNIR AS,60.86187699820723,7.303393240437525
ÅRØY TRANSFORMATORSTASJON,,66,1979,SYGNIR AS,61.27689685665911,7.156793506118577
LEIKANGER TRANSFORMATORSTASJON,,132,2020,SYGNIR AS,61.20447576509892,6.706336264425449
VANGEN TRANSFORMATORSTASJON,,66,1980,SYGNIR AS,60.90287144148411,7.180226887370677
KAUPANGER TRANSFORMATORSTASJON,,66,2021,SYGNIR AS,61.20035211725508,7.228724797613347
GRINDSDALEN TRANSFORMATORSTASJON,,132,2017,SYGNIR AS,61.21568040003018,6.755190036383035
LIDAL TRANSFORMATORSTASJON,,132,2017,SYGNIR AS,61.33172765616121,6.71363001263829
SOGNDAL TRANSFORMATORSTASJON,,132,2015,SYGNIR AS,61.219828836198516,7.023948804822685
HOVE TRANSFORMATORSTASJON,,66,2000,SYGNIR AS,61.07100181744401,6.593031558749431
KVÅLE TRANSFORMATORSTASJON,,66,1983,SYGNIR AS,61.23071538801267,7.070871480265573
NJØS TRANSFORMATORSTASJON,,66,1982,SYGNIR AS,61.180378279203815,6.864427626416801
DRAGSVIK TRANSFORMATORSTASJON,,66,1981,SYGNIR AS,61.219439140585685,6.5553161121216945
Tingvoll transformatorstasjon inneanlegg,,66,1986,MELLOM AS,62.91359663234362,8.209570011136835
Rokset transformatorstasjon inneanlegg,,66,1997,MELLOM AS,62.97979785991605,7.653233116620122
Nordheim transformatorstasjon,,132,1990,MELLOM AS,63.22246106018653,8.210514517051989
Nordheim fordelingsstasjon,,66,1985,MELLOM AS,63.222765482766604,8.210656060152228
Rensvik trafostasjon,,132,2013,MELLOM AS,63.09224811329362,7.828364208107715
Gylthalsen transformatorstasjon,,132,1987,MELLOM AS,63.25666066347178,8.530992799395133
Øydegard transformatorstasjon,,66,1993,MELLOM AS,63.012314576010326,8.003803757531216
Smøla trafostasjon,,132,2005,MELLOM AS,63.40664139103805,7.923015826290846
Kristiansund trafostasjon,,132,2014,MELLOM AS,63.10692342328412,7.807599079745083
Bruvoll transformatorstasjon,,66,1984,MELLOM AS,63.04858625361545,7.632148371406106
Nordlandet trafostasjon,,132,2014,MELLOM AS,63.1099061989311,7.752573899011981
